unnamed_0,id,name_ru,name_en,description,osnovnaia_myshechnaia_gruppa,tip_uprazhneniia,level,kliuchevye_tegi_dlia_ii
1,WZ001,Вращения тазом,Hip Circles,Плавные круговые движения тазом для увеличения подвижности тазобедренных суставов и поясницы.,"Кор, Бедра",Разминка,Начальный,"[Подвижность таза], [Улучшение кровотока], [Подготовка к нагрузке], [Здоровье поясницы]"
2,WZ002,Лимфодренажные прыжки,Heel Drops,Легкие и частые подъемы на носки с мягким постукиванием пятками о пол для стимуляции крово- и лимфотока.,"Икры, Все тело","Разминка, Кардио",Начальный,"[Улучшение кровотока], [Тазовое здоровье], [Детокс]"
3,WZ003,Махи ногами,Leg Swings,Динамические махи ногами вперед-назад и в стороны для растяжки и увеличения мобильности тазобедренных суставов.,"Ноги, Бедра","Разминка, Гибкость",Начальный,"[Динамическая растяжка], [Подвижность таза], [Подготовка к нагрузке]"
4,WZ004,Круговые движения плечами,Shoulder Rolls,Плавные вращения плечами вперед и назад для разогрева и увеличения подвижности плечевого пояса.,Плечи,Разминка,Начальный,"[Подвижность плеч], [Профилактика травм], [Снятие напряжения в шее]"
5,WZ005,Наклоны туловища в стороны,Torso Bends,Плавные наклоны корпуса влево и вправо для растяжки косых мышц живота и боковой поверхности тела.,"Косые мышцы, Кор","Разминка, Гибкость",Начальный,"[Боковая гибкость], [Активация кора], [Подвижность позвоночника]"
6,WZ006,«Кошка-Корова»,Cat-Cow Pose,Прогибы и скругления позвоночника на четвереньках для улучшения его гибкости и снятия напряжения.,"Позвоночник, Кор","Разминка, Гибкость",Начальный,"[Подвижность позвоночника], [Здоровье поясницы], [Снятие стресса]"
7,WZ007,Ходьба на месте с высоким подъемом коленей,High Knees (Marching),Имитация ходьбы на месте с акцентированным подъемом коленей к груди для разогрева и активации мышц ног и кора.,Все тело,"Разминка, Кардио",Начальный,"[Повышение пульса], [Разогрев], [Активация сгибателей бедра]"
8,WZ008,"Прыжки ""Jumping Jacks"" (легкий темп)",Jumping Jacks (Light Pace),Классические прыжки с разведением рук и ног в стороны в легком темпе для общего разогрева тела.,Все тело,"Разминка, Кардио",Начальный,"[Повышение пульса], [Общий разогрев], [Координация]"
9,WZ009,Вращения в голеностопе и запястьях,Ankle & Wrist Rotations,Круговые движения в суставах голеностопа и запястий для их подготовки к нагрузке.,Суставы,Разминка,Начальный,"[Подвижность суставов], [Профилактика травм], [Подготовка к отжиманиям и приседаниям]"
10,WZ010,Наклоны таза вперед-назад,Pelvic Tilts,"Стоя или лежа, выполняйте плавные наклоны таза вперед (прогиб) и назад (скругление) для активации кора и мобилизации поясницы.","Кор, Поясница",Разминка,Начальный,"[Подвижность таза], [Здоровье поясницы], [Активация кора]"
11,WZ011,Повороты корпуса стоя,Standing Torso Twists,"Стоя, ноги на ширине плеч, выполняйте плавные повороты корпуса влево и вправо для мобилизации грудного отдела позвоночника.","Кор, Косые мышцы",Разминка,Начальный,"[Подвижность позвоночника], [Ротация], [Разогрев кора]"
12,WZ012,Ягодичный мостик (активация),Glute Bridge (Activation),"Лежа на спине, поднимите таз, концентрируясь на сжатии ягодиц. Выполняется для ""пробуждения"" ягодичных мышц перед основной работой.","Ягодицы, Кор",Разминка,Начальный,"[Активация ягодиц], [Здоровье поясницы], [Подготовка к приседаниям]"
13,WZ013,Приседания без веса (разминочные),Bodyweight Squats (Warm-up Pace),Выполнение классических приседаний в неполную амплитуду и в спокойном темпе для разогрева суставов ног.,"Ноги, Ягодицы",Разминка,Начальный,"[Динамическая растяжка], [Подготовка к нагрузке], [Базовое движение]"
14,WZ014,Отжимания от стены,Wall Push-ups,"Выполнение отжиманий от стены для мягкой активации мышц груди, плеч и трицепсов.","Грудь, Плечи",Разминка,Начальный,"[Активация верха тела], [Подготовка к отжиманиям], [Безопасно для суставов]"
15,WZ015,"""Червяк""",Inchworm,"Из положения стоя, наклонитесь, дойдите руками до положения планки и вернитесь обратно. Отличная динамическая растяжка всего тела.",Все тело,"Разминка, Гибкость",Начальный,"[Динамическая растяжка], [Активация всего тела], [Растяжка задней цепи], [Стабильность кора]"
17,EX001,Приседания с весом тела,Bodyweight Squats,"Фундаментальное упражнение для развития силы и массы ног и ягодиц, выполняемое с собственным весом.","Ноги, Ягодицы, Кор",Силовое,Начальный,"[Сила ног], [Выносливость], [Гормональный фон], [Базовое движение], [Тазовое здоровье]"
18,EX002,Выпады вперед,Forward Lunges,"Шаг вперед с последующим сгибанием коленей для односторонней проработки мышц ног, улучшения баланса и гибкости.","Ноги, Ягодицы","Силовое, Баланс",Начальный,"[Сила ног], [Баланс], [Коррекция асимметрии], [Гибкость сгибателей бедра]"
19,EX003,Болгарские сплит-приседания,Bulgarian Split Squats,"Усложненный вариант выпада, где задняя нога размещается на возвышенности, что значительно увеличивает нагрузку на переднюю ногу.","Ноги, Ягодицы","Силовое, Баланс",Продвинутый,"[Сила ног], [Гипертрофия ягодиц], [Продвинутый баланс]"
20,EX004,«Навес» (наклон назад с колен),Nordic Hamstring Curl (Bodyweight variation),"Из положения стоя на коленях, медленный наклон прямого корпуса назад для укрепления ягодиц и квадрицепсов.","Квадрицепсы, Ягодицы",Силовое,Средний,"[Сила толчков], [Выносливость ног]"
21,EX005,"Приседания ""Плие""",Plie Squats,Приседания с широкой постановкой ног и развернутыми наружу носками для акцентированной проработки внутренней поверхности бедер.,"Внутренняя поверхность бедра, Ягодицы","Силовое, Гибкость",Начальный,"[Гибкость для поз], [Сила приводящих мышц]"
22,EX006,"Приседания у стены (""Стульчик"")",Wall Sit,"Изометрическое удержание положения приседа, прислонившись спиной к стене, для развития статической выносливости ног.","Квадрицепсы, Ягодицы",Силовое,Начальный,"[Статическая выносливость], [Безопасно для спины]"
23,EX007,Подъемы на носки стоя,Standing Calf Raises,Подъемы на носки из положения стоя для целенаправленного укрепления икроножных мышц.,Икры,Силовое,Начальный,"[Сила икр], [Улучшение кровотока]"
24,EX008,Обратные выпады,Reverse Lunges,"Вариант выпада, где шаг делается назад. Считается более щадящим для коленных суставов.","Ноги, Ягодицы","Силовое, Баланс",Начальный,"[Сила ног], [Баланс], [Безопасно для коленей]"
25,EX009,Боковые выпады,Lateral Lunges,"Выпады в сторону для проработки приводящих и отводящих мышц бедра, а также улучшения боковой стабильности.","Внутренняя/внешняя поверхность бедра, Ягодицы","Силовое, Гибкость",Средний,"[Боковая стабильность], [Гибкость паха]"
26,EX010,"Приседания ""Пистолетик"" (с опорой)",Pistol Squats (Assisted),"Приседания на одной ноге с использованием опоры (TRX, стул) для поддержания равновесия.","Ноги, Ягодицы, Кор","Силовое, Баланс",Продвинутый,"[Продвинутая сила ног], [Баланс], [Координация]"
27,EX011,Зашагивания на возвышенность,Step-Ups,"Поочередные подъемы на устойчивую возвышенность (стул, скамья), имитирующие подъем по лестнице.","Ноги, Ягодицы","Силовое, Кардио",Начальный,"[Сила ног], [Функциональное движение], [Кардио-эффект]"
28,EX012,Выталкивание бедер с эспандером,Banded Hip Thrusts,"Лежа на спине, с эспандером на бедрах, выполняются подъемы таза для акцентированной проработки ягодиц.","Ягодицы, Бицепс бедра",Силовое,Средний,"[Взрывная сила толчков], [Гипертрофия ягодиц], [Догги-стайл]"
29,EX013,Приседания с прыжком,Jump Squats,"Плиометрическая версия приседаний, где из нижней точки выполняется мощный прыжок вверх.","Ноги, Ягодицы","Силовое, Кардио, HIIT",Продвинутый,"[Взрывная сила], [Мощность ног], [Высокая интенсивность]"
30,EX014,Выпады с прыжком,Jumping Lunges,Плиометрическая версия выпадов со сменой ног в прыжке.,"Ноги, Ягодицы","Силовое, Кардио, HIIT",Продвинутый,"[Взрывная сила], [Координация], [Высокая интенсивность]"
31,EX015,Маласана (Глубокий присед),Malasana (Deep Squat),"Удержание положения глубокого приседа для улучшения мобильности тазобедренных суставов, голеностопа и растяжки паховой области.","Ноги, Кор",Гибкость,Средний,"[Подвижность таза], [Гибкость для поз], [Комфорт для пассивной роли]"
33,EX016,Классические отжимания,Classic Push-ups,Фундаментальное упражнение для развития толкающей силы верхней части тела.,"Грудь, Трицепс, Плечи",Силовое,Средний,"[Сила верха тела], [Гипертрофия груди], [Стабильность кора], [Уверенность в теле]"
34,EX017,Отжимания от возвышенности,Incline Push-ups,Упрощенная версия отжиманий с опорой руками на возвышенность. Снижает процент поднимаемого веса тела.,"Грудь, Трицепс, Плечи",Силовое,Начальный,"[Подготовка к отжиманиям], [Безопасно для начинающих]"
35,EX018,Отжимания с колен,Knee Push-ups,"Упрощенная версия отжиманий с опорой на колени, значительно уменьшающая нагрузку.","Грудь, Трицепс, Плечи",Силовое,Начальный,"[Подготовка к отжиманиям], [Сила верха тела]"
36,EX019,Отжимания с ногами на возвышенности,Decline Push-ups,"Усложненная версия отжиманий, где ноги находятся выше рук, смещая акцент на верхнюю часть груди и плечи.","Верх груди, Плечи, Трицепс",Силовое,Продвинутый,"[Продвинутая сила верха тела], [Акцент на верх груди]"
37,EX020,Отжимания с узкой постановкой рук,Narrow Grip Push-ups,Вариант отжиманий с близко поставленными руками для акцентированной проработки трицепсов и внутренней части груди.,"Трицепс, Грудь",Силовое,Средний,"[Акцент на трицепс], [Сила рук]"
38,EX021,Отжимания с широкой постановкой рук,Wide Grip Push-ups,Вариант отжиманий с постановкой рук шире плеч для большего вовлечения грудных мышц и передней зубчатой.,"Грудь, Передняя зубчатая",Силовое,Средний,"[Акцент на грудь], [Ширина груди]"
39,EX022,"Отжимание ""Плюс""",Push-up Plus,В верхней точке отжимания выполняется дополнительное выталкивание лопаток вперед для активации передней зубчатой мышцы.,"Передняя зубчатая, Кор",Корректирующее,Средний,"[Здоровье плеч], [Стабильность лопаток]"
40,EX023,Подтягивания прямым хватом,Pull-ups (Pronated Grip),Классическое тяговое движение на перекладине для развития широчайших мышц спины. Ладони смотрят от себя.,"Спина, Бицепс",Силовое,Продвинутый,"[Сила спины], [Ширина спины], [Сила хвата], [Относительная сила]"
41,EX024,Подтягивания обратным хватом,Chin-ups (Supinated Grip),"Вариант подтягиваний, где ладони смотрят на себя, что значительно увеличивает вовлечение бицепсов.","Бицепс, Спина",Силовое,Средний,"[Акцент на бицепс], [Сила рук], [Сила спины]"
42,EX025,Подтягивания нейтральным хватом,Neutral Grip Pull-ups,Вариант подтягиваний на параллельных рукоятках (брусьях). Считается наиболее безопасным для плечевых суставов.,"Спина, Бицепс",Силовое,Средний,"[Здоровье плеч], [Сила спины]"
43,EX026,Негативные подтягивания,Negative Pull-ups,"Упражнение для подготовки к подтягиваниям, где выполняется только медленная, контролируемая фаза опускания.","Спина, Бицепс",Силовое,Начальный,"[Подготовка к подтягиваниям], [Эксцентрическая сила]"
44,EX027,Австралийские подтягивания,Inverted Rows,Горизонтальные подтягивания к низкой перекладине. Отличное упражнение для развития силы спины с минимальной нагрузкой на позвоночник.,"Спина, Задние дельты, Бицепс",Силовое,Средний,"[Сила спины], [Здоровье плеч], [Безопасно для поясницы], [Коррекция осанки]"
45,EX028,Отжимания от опоры (на трицепс),Bench/Chair Dips,"Отжимания спиной к опоре (стул, скамья) для целенаправленной проработки трицепсов.",Трицепс,Силовое,Средний,"[Сила рук], [Акцент на трицепс], [Риск для плеч при неправильной технике]"
46,EX029,"Жим ""Щучкой""",Pike Push-ups,"Отжимания из положения, где тело согнуто в тазобедренных суставах (""домиком""), для акцентированной нагрузки на плечи.","Плечи, Трицепс",Силовое,Продвинутый,"[Сила плеч], [Подготовка к стойке на руках]"
47,EX030,Y-разведения лежа на животе,Y-Raises (Prone),"Лежа на животе, подъемы прямых рук вверх и в стороны в форме буквы ""Y"" для укрепления нижней и средней трапеции.","Верх спины, Плечи",Корректирующее,Начальный,"[Коррекция осанки], [Здоровье плеч]"
49,EX031,Планка на предплечьях,Forearm Plank,Изометрическое удержание прямой линии тела с опорой на предплечья для развития выносливости мышц кора.,Мышцы кора,"Стабильность, Кор",Начальный,"[Стабильность позвоночника], [Выносливость кора], [Здоровье поясницы], [Безопасно для запястий]"
50,EX032,Планка на прямых руках,High Plank,Изометрическое удержание прямой линии тела с опорой на прямые руки.,"Мышцы кора, Плечи","Стабильность, Кор",Начальный,"[Стабильность позвоночника], [Выносливость кора], [Сила плеч]"
51,EX033,Боковая планка,Side Plank,Удержание прямой линии тела в боковом положении с опорой на одно предплечье для проработки косых мышц.,"Косые мышцы, Кор","Стабильность, Кор",Средний,"[Боковая стабильность], [Профилактика болей в спине]"
52,EX034,«Птица-собака»,Bird-Dog,Одновременный подъем разноименных руки и ноги из положения на четвереньках для улучшения нейромышечного контроля.,"Кор, Разгибатели спины","Корректирующее, Стабильность",Начальный,"[Здоровье поясницы], [Нейромышечный контроль], [Баланс], [Безопасно для спины]"
53,EX035,Скручивания на пресс,Crunches,Классическое упражнение на пресс: подъем верхней части корпуса из положения лежа на спине.,Верхний пресс,Кор,Начальный,"[Сила пресса], [Рельеф пресса], [Короргазм]"
54,EX036,Обратные скручивания,Reverse Crunches,Подтягивание коленей к груди с отрывом таза от пола из положения лежа для проработки нижней части пресса.,"Нижний пресс, Кор",Кор,Начальный,"[Сила нижнего пресса], [Контроль таза]"
55,EX037,«Велосипед»,Bicycle Crunches,"Динамическое упражнение, имитирующее езду на велосипеде лежа, с поочередным касанием локтем противоположного колена.","Весь пресс, Косые мышцы",Кор,Средний,"[Сила пресса], [Координация]"
56,EX038,Подъемы ног лежа,Lying Leg Raises,Подъем прямых ног из положения лежа на спине для акцентированной нагрузки на нижнюю часть пресса и сгибатели бедра.,"Нижний пресс, Сгибатели бедра",Кор,Средний,"[Сила нижнего пресса], [Контроль таза]"
57,EX039,«Супермен»,Superman,"Лежа на животе, одновременный подъем рук и ног для укрепления мышц-разгибателей спины и ягодиц.","Разгибатели спины, Ягодицы","Корректирующее, Кор",Начальный,"[Сила поясницы], [Коррекция осанки], [Сила задней цепи]"
58,EX040,«Мертвый жук»,Dead Bug,"Лежа на спине, поочередное опускание разноименных руки и ноги, сохраняя поясницу прижатой к полу.",Глубокие мышцы кора,"Стабильность, Кор",Начальный,"[Здоровье поясницы], [Нейромышечный контроль], [Стабильность кора]"
59,EX041,Повороты корпуса сидя (Русский твист),Russian Twist,"Сидя на полу, отклонив корпус назад, выполняются повороты корпуса из стороны в сторону для проработки косых мышц.","Косые мышцы, Кор",Кор,Средний,"[Сила косых мышц], [Ротация]"
60,EX042,Планка с подъемом руки/ноги,Plank with Limb Raise,"Усложненная планка, где поочередно поднимается одна из конечностей, что требует большей стабилизации.",Мышцы кора,"Стабильность, Кор",Средний,"[Продвинутая стабильность], [Анти-ротация]"
61,EX043,Боковая планка со скручиванием,Side Plank with Rotation,"Из боковой планки свободная рука заводится под корпус и возвращается вверх, добавляя динамику и ротацию.","Косые мышцы, Кор","Стабильность, Кор",Продвинутый,"[Продвинутая стабильность], [Ротация]"
62,EX044,«Уголок» (удержание),L-Sit Hold,"Сидя на полу или на опорах, удержание поднятых прямых ног параллельно полу силой мышц пресса.","Весь пресс, Сгибатели бедра",Кор,Продвинутый,"[Продвинутая сила пресса], [Поддержка партнера]"
63,EX045,Подъемы ног в висе,Hanging Leg Raises,"Вися на перекладине, подъем ног к турнику. Одно из самых эффективных упражнений для всего пресса.","Весь пресс, Сгибатели бедра",Кор,Продвинутый,"[Продвинутая сила пресса], [Сила хвата]"
65,CX001,Бёрпи (классическое),Burpee,"Комплексное движение, включающее приседание, планку, отжимание и прыжок вверх. Максимально нагружает все тело.",Все тело,"HIIT, Кардио",Продвинутый,"[Высокая интенсивность], [Сжигание калорий], [Выносливость], [Взрывная сила]"
66,CX002,Бёрпи (упрощенное),Burpee (No Push-up),"Вариант бёрпи без отжимания. Сохраняет высокую кардио-нагрузку, но снижает силовые требования.",Все тело,"HIIT, Кардио",Средний,"[Высокая интенсивность], [Сжигание калорий], [Выносливость]"
67,CX003,Шагающее Бёрпи,Walking Burpee,"Вариант бёрпи без прыжков, где ноги поочередно отшагивают в планку и обратно. Убирает ударную нагрузку.",Все тело,Кардио,Начальный,"[Низкая ударная нагрузка], [Безопасно для суставов], [Подготовка к бёрпи]"
68,CX004,"Прыжки ""Jumping Jacks""",Jumping Jacks,Классические прыжки с одновременным разведением рук и ног в стороны. Отличное базовое кардио-упражнение.,Все тело,Кардио,Начальный,"[Выносливость], [Сжигание калорий], [Координация]"
69,CX005,Бег с высоким подъемом коленей,High Knees,Интенсивный бег на месте с максимально высоким подъемом коленей к груди.,"Ноги, Кор, Все тело","HIIT, Кардио",Средний,"[Высокая интенсивность], [Здоровье сердца]"
70,CX006,"""Скалолаз""",Mountain Climbers,"Из положения планки, поочередное и быстрое подтягивание коленей к груди.","Кор, Все тело","HIIT, Кардио, Кор",Средний,"[Стабильность кора], [Высокая интенсивность]"
71,CX007,Бег с захлестом голени,Butt Kicks,Бег на месте с касанием пятками ягодиц. Активирует заднюю поверхность бедра.,"Задняя поверхность бедра, Все тело",Кардио,Начальный,"[Разогрев], [Координация]"
72,CX008,Прыжки со скакалкой (воображаемой),Phantom Jump Rope,Имитация прыжков со скакалкой. Отличное кардио с низкой ударной нагрузкой.,"Икры, Все тело",Кардио,Начальный,"[Выносливость], [Координация], [Низкая ударная нагрузка]"
73,CX009,Боковые прыжки,Lateral Jumps,"Прыжки из стороны в сторону с одной ноги на другую, развивая боковую ловкость и мощность.","Ноги, Ягодицы","Кардио, Баланс",Средний,"[Боковая стабильность], [Ловкость]"
74,CX010,"""Конькобежец""",Skaters,"Диагональные прыжки из стороны в сторону с отведением свободной ноги назад, имитируя движения конькобежца.","Ноги, Ягодицы, Кор","Кардио, Баланс",Средний,"[Баланс], [Координация], [Сила ног]"
75,CX011,Быстрые шаги,Fast Feet,Очень быстрые и короткие шаги на месте на носках. Развивает скорость и координацию.,"Икры, Ноги","Кардио, HIIT",Начальный,"[Скорость], [Разогрев]"
76,CX012,Удары руками и ногами (Бой с тенью),Shadow Boxing,"Имитация ударов руками (прямые, хуки, апперкоты) и ногами в свободном темпе.",Все тело,Кардио,Начальный,"[Координация], [Снятие стресса], [Выносливость]"
77,CX013,Прыжки на короб (на стул),Box Jumps (on chair),Запрыгивания на устойчивую возвышенность. Развивает взрывную силу ног.,"Ноги, Ягодицы","HIIT, Кардио",Продвинутый,"[Взрывная сила], [Мощность ног]"
78,CX014,"Прыжки ""Звезда""",Star Jumps,"Из положения приседа, выпрыгивание вверх с одновременным разведением рук и ног в стороны, образуя ""звезду"".",Все тело,"HIIT, Кардио",Средний,"[Высокая интенсивность], [Координация]"
79,CX015,Танцевальное кардио (свободное),Freestyle Dance Cardio,Танцевальные движения под быструю музыку в свободном стиле.,Все тело,Кардио,Начальный,"[Снятие стресса], [Удовольствие от движения], [Координация]"
81,SX001,Сжатие Кегеля (Базовое),Kegel Squeeze (Basic),Изолированное напряжение и расслабление лобково-копчиковой мышцы для улучшения контроля и кровообращения.,Мышцы тазового дна (МТД),"Потенция, Таз",Начальный,"[Качество эрекции], [Контроль эякуляции], [Сила оргазма]"
82,SX002,Пульсации Кегеля (Быстрые),Kegel Pulses (Fast),"Быстрые, ритмичные сокращения и расслабления МТД для развития скорости мышечного отклика.",Мышцы тазового дна (МТД),"Потенция, Таз",Средний,"[Контроль эякуляции], [Усиление ощущений]"
83,SX003,Удержания Кегеля (Длинные),Kegel Holds (Long),Длительное удержание МТД в напряженном состоянии для развития статической выносливости.,Мышцы тазового дна (МТД),"Потенция, Таз",Средний,"[Выносливость эрекции], [Контроль]"
84,SX004,Обратные Кегели (Расслабление),Reverse Kegels (Relaxation),"Практика осознанного расслабления и легкого ""выталкивания"" МТД, а не их сжатия.",Мышцы тазового дна (МТД),"Контроль, Таз",Средний,"[Контроль эякуляции], [Комфорт для пассивной роли], [Снятие напряжения]"
85,SX005,"Упражнение ""Лифт""","The ""Elevator"" Kegel","Постепенное, ""поэтажное"" напряжение и расслабление МТД для развития тонкого контроля.",Мышцы тазового дна (МТД),"Контроль, Таз",Продвинутый,"[Продвинутый контроль], [Осознанность тела]"
86,SX006,Кегели с сопротивлением,Resisted Kegels,"Продвинутая техника, где на эрегированный пенис кладется легкое полотенце, которое поднимается силой МТД.",Мышцы тазового дна (МТД),"Потенция, Таз",Продвинутый,"[Продвинутая сила эрекции], [Максимальный контроль]"
87,SX007,Сжатие МТД с дыханием,Kegel with Breathing,"Синхронизация сжатия МТД с вдохом, а расслабления с выдохом, для улучшения контроля и расслабления.",Мышцы тазового дна (МТД),"Контроль, Таз",Начальный,"[Осознанность тела], [Снятие стресса]"
88,SX008,Сокращение МТД в мостике,Glute Bridge with Kegel,Во время удержания Ягодичного моста в верхней точке выполняется серия сжатий Кегеля.,"Ягодицы, МТД","Потенция, Силовое",Средний,"[Сила толчков], [Качество эрекции], [Комплексная активация]"
89,SX009,Наклоны таза лежа,Pelvic Tilts (Supine),"Лежа на спине, выполняются плавные наклоны таза вперед-назад для улучшения осознанности и мобильности поясницы.","Кор, МТД","Мобильность, Таз",Начальный,"[Подвижность таза], [Контроль движений], [Здоровье поясницы]"
90,SX010,"""Олени у ручья"" (Даосская практика)",Deer at the Stream,"Упражнение, сочетающее глубокое дыхание с напряжением МТД и низа живота для стимуляции сексуальной энергии.","МТД, Нижний пресс","Энергия, Таз",Продвинутый,"[Повышение либидо], [Сексуальная энергия]"
91,SX011,Изолированное сокращение анального сфинктера,Anal Sphincter Contractions,"Целенаправленное сжатие только мышц анального сфинктера, что является частью комплекса МТД.",Мышцы тазового дна (МТД),"Контроль, Таз",Средний,"[Контроль для пассивной роли], [Усиление ощущений]"
92,SX012,Изолированное сокращение уретрального сфинктера,Urethral Sphincter Contractions,"Целенаправленное сжатие передней части МТД, как при попытке остановить мочеиспускание.",Мышцы тазового дна (МТД),"Контроль, Таз",Средний,"[Контроль эякуляции], [Здоровье простаты]"
93,SX013,"Динамические наклоны таза (""Кошка-Корова"")",Cat-Cow with Pelvic Focus,"Выполнение упражнения ""Кошка-Корова"" с акцентом на движения таза и осознанное вовлечение МТД.","Позвоночник, МТД","Мобильность, Таз",Начальный,"[Подвижность таза], [Осознанность тела]"
94,SX014,Самомассаж промежности,Perineum Self-Massage,Легкий массаж и надавливание на область промежности (между мошонкой и анусом) для стимуляции и расслабления.,Промежность,"Практика, Таз",Начальный,"[Усиление ощущений], [Улучшение кровотока], [Здоровье простаты]"
95,SX015,Глубокое диафрагмальное дыхание,Diaphragmatic Breathing,"Медленное и глубокое дыхание ""животом"", которое способствует расслаблению, снижению стресса и улучшению кровообращения.",Диафрагма,"Практика, Расслабление",Начальный,"[Снятие стресса], [Снижение тревоги], [Качество эрекции]"
97,CZ001,"Растяжка ""Бабочка""",Butterfly Stretch,"Сидя на полу, соединив стопы вместе, мягкое надавливание на колени для растяжки внутренней поверхности бедер.",Внутренняя поверхность бедра,"Заминка, Растяжка",Начальный,"[Гибкость для поз], [Здоровье таза]"
98,CZ002,Поза Голубя,Pigeon Pose,"Одна нога согнута перед собой, другая вытянута назад. Глубокая растяжка ягодичных мышц и сгибателей бедра.","Ягодицы, Сгибатели бедра","Заминка, Растяжка",Средний,"[Глубокая растяжка], [Гибкость для поз], [Снятие стресса], [Здоровье таза]"
99,CZ003,Поза Ребенка,Child's Pose,"Сидя на пятках, наклон корпуса вперед с вытянутыми руками. Мягко растягивает и расслабляет всю спину.","Спина, Бедра","Заминка, Растяжка",Начальный,"[Снятие стресса], [Расслабление поясницы]"
100,CZ004,Растяжка задней поверхности бедра,Hamstring Stretch (Single Leg),"Сидя, одна нога выпрямлена, другая согнута. Плавный наклон корпуса к прямой ноге.",Задняя поверхность бедра,"Заминка, Растяжка",Начальный,"[Гибкость ног], [Здоровье поясницы]"
101,CZ005,Растяжка квадрицепса,Quad Stretch (Side-lying),"Лежа на боку, сгибание верхней ноги и притягивание пятки к ягодице для растяжки передней поверхности бедра.",Квадрицепс,"Заминка, Растяжка",Начальный,"[Гибкость ног], [Профилактика травм колена]"
102,CZ006,Растяжка грудных мышц,Chest Stretch (Doorway),"В дверном проеме, уперевшись предплечьями в косяки, подать корпус вперед для раскрытия грудной клетки.","Грудь, Плечи","Заминка, Растяжка",Начальный,"[Коррекция осанки], [Раскрытие грудной клетки]"
103,CZ007,Скручивание позвоночника лежа,Supine Spinal Twist,"Лежа на спине, согнутое колено переносится через тело в противоположную сторону, растягивая спину и ягодицы.","Спина, Кор, Ягодицы","Заминка, Растяжка",Начальный,"[Подвижность позвоночника], [Снятие напряжения]"
104,CZ008,Растяжка трицепса за головой,Overhead Triceps Stretch,"Подняв руку вверх и согнув в локте, другой рукой мягко тянуть локоть за голову.","Трицепс, Плечи","Заминка, Растяжка",Начальный,"[Гибкость рук], [Подвижность плеч]"
105,CZ009,Растяжка шеи,Neck Stretch (Lateral Flexion),"Сидя прямо, аккуратно наклонить голову к одному плечу, помогая рукой, для растяжки боковых мышц шеи.",Шея,"Заминка, Растяжка",Начальный,"[Снятие напряжения в шее], [Профилактика головных болей]"
106,CZ010,Собака мордой вниз,Downward-Facing Dog,"Из положения планки, поднять таз вверх, образуя телом перевернутую V. Растягивает всю заднюю поверхность тела.",Вся задняя цепь,"Заминка, Растяжка",Средний,"[Растяжка всего тела], [Сила верха тела]"
107,CZ011,Наклон вперед стоя,Standing Forward Bend,"Из положения стоя, плавный наклон корпуса вниз к ногам. Интенсивно растягивает заднюю поверхность бедер и спину.","Задняя поверхность бедра, Спина","Заминка, Растяжка",Начальный,"[Гибкость ног], [Снятие стресса]"
108,CZ012,Поза Счастливого Ребенка,Happy Baby Pose,"Лежа на спине, подтянуть колени к подмышкам и захватить стопы. Раскрывает таз и расслабляет поясницу.","Внутренняя поверхность бедра, Поясница","Заминка, Растяжка",Начальный,"[Здоровье таза], [Гибкость для поз], [Расслабление поясницы]"
109,CZ013,Поза Лягушки,Frog Pose,"Стоя на четвереньках, развести колени максимально широко и опуститься на предплечья. Глубочайшая растяжка паха.",Внутренняя поверхность бедра,"Заминка, Растяжка",Продвинутый,"[Глубокая растяжка], [Комфорт для пассивной роли], [Экстремальное раскрытие таза]"
110,CZ014,Растяжка икр у стены,Calf Stretch (Wall),"Уперевшись руками в стену, отставить одну ногу назад и тянуть пятку к полу.",Икры,"Заминка, Растяжка",Начальный,"[Гибкость голеностопа], [Профилактика травм стопы]"
111,CZ015,Глубокое диафрагмальное дыхание,Diaphragmatic Breathing,"Лежа на спине, положить одну руку на живот, другую на грудь. Медленно дышать так, чтобы поднимался только живот.",Диафрагма,"Практика, Расслабление",Начальный,"[Снятие стресса], [Снижение тревоги], [Активация парасимпатики]"
115,WZ016,Позвоночная волна,Spinal Wave,"Стоя или на четвереньках, выполняются плавные, волнообразные движения позвоночником для улучшения его сегментарного контроля.","Позвоночник, Кор",Разминка,Начальный,"[Подвижность позвоночника], [Осознанность тела], [Снятие напряжения]"
116,WZ017,Контролируемые вращения тазобедренного сустава,Hip CARs (Controlled Articular Rotations),"Стоя на одной ноге (с опорой), выполняются медленные, полные круговые движения бедром для здоровья и мобильности сустава.",Бедра,Разминка,Средний,"[Здоровье суставов], [Подвижность таза], [Профилактика травм]"
117,WZ018,Грудные скручивания на четвереньках,Quadruped Thoracic Rotations,"Стоя на четвереньках, одна рука за головой. Выполняются скручивания, раскрывая грудной отдел вверх и закрывая вниз.",Грудной отдел спины,Разминка,Начальный,"[Коррекция осанки], [Подвижность позвоночника], [Раскрытие грудной клетки]"
118,WZ019,Величайшая растяжка в мире,World's Greatest Stretch,"Комплексное движение, сочетающее глубокий выпад, скручивание позвоночника и растяжку задней поверхности бедра.",Все тело,"Разминка, Гибкость",Средний,"[Динамическая растяжка], [Активация всего тела], [Подвижность таза]"
119,WZ020,Лопаточные отжимания,Scapular Push-ups,"В положении планки, без сгибания локтей, выполняются движения только лопатками (сведение и разведение).",Передняя зубчатая,"Разминка, Корректирующее",Начальный,"[Здоровье плеч], [Стабильность лопаток]"
120,WZ021,Медвежья проходка,Bear Crawl,"Передвижение на четвереньках с коленями, приподнятыми над полом. Активирует все тело, особенно кор и плечи.","Кор, Плечи, Все тело",Разминка,Средний,"[Активация всего тела], [Стабильность кора], [Координация]"
122,EX027_v2,Казачьи приседания,Cossack Squats,"Глубокие боковые приседания на одну ногу, в то время как другая нога остается прямой и отведена в сторону.","Внутренняя поверхность бедра, Ягодицы","Силовое, Гибкость",Продвинутый,"[Боковая стабильность], [Гибкость паха], [Продвинутая сила ног]"
123,EX028_v2,"Приседания ""Креветка""",Shrimp Squats,"Приседание на одной ноге, удерживая стопу другой ноги рукой сзади. Сложное упражнение на баланс и силу.","Ноги, Ягодицы","Силовое, Баланс",Продвинутый,"[Продвинутый баланс], [Односторонняя сила]"
124,EX029_v2,Сгибания на бицепс бедра (со скольжением),Bodyweight Hamstring Curls,"Лежа на спине, пятки на скользкой поверхности (полотенце). Поднять таз и медленно сгибать ноги, подтягивая пятки к ягодицам.",Задняя поверхность бедра,Силовое,Средний,"[Изоляция бицепса бедра], [Профилактика травм колена]"
125,EX030_v2,Сисси-приседания (с опорой),Sissy Squats (Assisted),"Наклоняясь назад и поднимаясь на носки, выполняется приседание с акцентом на экстремальное растяжение и сокращение квадрицепсов.",Квадрицепс,Силовое,Продвинутый,"[Изоляция квадрицепса], [Подвижность коленей]"
126,EX031_v2,Копенгагенское приведение бедра,Copenhagen Adduction,"Лежа на боку, верхняя нога на возвышенности. Подъем корпуса и нижней ноги силой внутренней поверхности бедра.",Внутренняя поверхность бедра,Силовое,Средний,"[Сила приводящих мышц], [Профилактика травм паха]"
127,EX032_v2,Ягодичный мост на одной ноге (ноги на возвышенности),Single-Leg Hip Thrust (Elevated),"Ягодичный мост на одной ноге, при этом обе ноги находятся на возвышенности для увеличения амплитуды и сложности.","Ягодицы, Бицепс бедра",Силовое,Продвинутый,"[Продвинутая сила толчков], [Гипертрофия ягодиц]"
129,EX031_v3,"Отжимания ""Лучник""",Archer Push-ups,"Отжимания с широкой постановкой рук, где вес тела смещается на одну руку, а другая остается почти прямой.","Грудь, Трицепс, Плечи",Силовое,Продвинутый,"[Односторонняя сила], [Подготовка к отжиманиям на одной руке]"
130,EX032_v3,Псевдо-планш отжимания,Pseudo Planche Push-ups,"Отжимания, в которых ладони расположены на уровне таза, что сильно смещает нагрузку на плечи и требует силы кора.","Плечи, Грудь, Кор",Силовое,Продвинутый,"[Продвинутая сила плеч], [Прогрессия в калистенике]"
131,EX033_v2,Отжимания в стойке на руках (у стены),Handstand Push-ups (Wall Assisted),Вертикальные жимы в стойке на руках у стены. Развивает плечи и трицепсы.,"Плечи, Трицепс",Силовое,Продвинутый,"[Вертикальный жим], [Сила плеч]"
132,EX034_v2,Обратные отжимания на предплечьях,Reverse Plank Dips,"Сидя на полу, опереться на предплечья и поднять таз. Выполнение отжиманий из этого положения.","Трицепс, Задние дельты",Силовое,Средний,"[Изоляция трицепса], [Здоровье плеч]"
133,EX035_v2,Сгибания на бицепс с весом тела,Bodyweight Bicep Curls,"Используя низкую перекладину или стол, выполняется тяговое движение, имитирующее сгибание рук на бицепс.",Бицепс,Силовое,Средний,"[Изоляция бицепса], [Сила рук]"
134,EX036_v2,Ходьба краба,Crab Walk,"Передвижение в позе обратной планки (""крабик""). Укрепляет трицепсы, ягодицы и заднюю поверхность бедра.","Трицепс, Ягодицы, Задняя цепь","Силовое, Координация",Начальный,"[Сила задней цепи], [Координация]"
136,EX046,"""Полая лодка"" (удержание)",Hollow Body Hold,"Лежа на спине, поднять руки и ноги над полом, прижав поясницу к полу. Фундаментальное упражнение на силу всего кора.",Весь пресс,"Стабильность, Кор",Средний,"[Глубокая сила кора], [Стабильность позвоночника]"
137,EX047,"""Флаг Дракона"" (негативная фаза)",Dragon Flag (Negative),"Лежа на спине и держась за опору, поднять тело в прямую линию и очень медленно опускать его вниз.","Весь пресс, Кор",Кор,Продвинутый,"[Эксцентрическая сила кора], [Продвинутая сила пресса]"
138,EX048,"""Дворники"" лежа",Lying Windshield Wipers,"Лежа на спине, поднять ноги вверх и опускать их из стороны в сторону, не касаясь пола.","Косые мышцы, Нижний пресс",Кор,Средний,"[Ротация], [Сила косых мышц]"
139,EX049,Выкаты на пресс (со скольжением),Ab Rollout (Towel/Sliders),"Стоя на коленях, руки на скользкой поверхности (полотенце). Медленно ""выезжать"" вперед, растягивая корпус, и возвращаться обратно.","Весь пресс, Кор",Кор,Продвинутый,"[Анти-экстензия], [Продвинутая сила кора]"
140,EX050,Боковая планка с ротацией и подъемом бедра,Side Plank with Hip Lift & Rotation,"Комбинация боковой планки, подъема таза и скручивания корпуса.","Косые мышцы, Ягодицы","Кор, Стабильность",Средний,"[Комплексная работа кора], [Стабильность таза]"
141,EX051,L-подтягивания,L-Pull-ups,"Выполнение подтягиваний с удержанием ног в положении ""уголок"" (L-sit).","Спина, Бицепс, Кор","Силовое, Кор",Продвинутый,"[Продвинутая сила кора], [Комплексная сила]"
143,CX016,Прыжки с подтягиванием коленей к груди,Tuck Jumps,Взрывные прыжки вверх с максимальным подтягиванием коленей к груди в верхней точке.,"Ноги, Все тело","HIIT, Кардио",Продвинутый,"[Взрывная сила], [Высокая интенсивность]"
144,CX017,"""Брейкдансер""",Breakdancer Kicks,"Из положения ""медведя"", поочередное выбрасывание ноги в сторону под корпусом с опорой на одну руку.","Кор, Плечи, Все тело","HIIT, Координация",Средний,"[Координация], [Ловкость], [Кардио-эффект]"
145,CX018,Плиометрические отжимания,Plyometric Push-ups,Взрывные отжимания с отрывом ладоней от пола (можно с хлопком).,"Грудь, Трицепс, Плечи","HIIT, Силовое",Продвинутый,"[Взрывная сила верха тела], [Мощность]"
146,CX019,"Прыжки ""Ослик""",Donkey Kicks,"Из положения планки, прыжок ногами вверх, как бы пытаясь встать на руки.","Плечи, Кор, Все тело","HIIT, Баланс",Продвинутый,"[Подготовка к стойке на руках], [Динамический баланс]"
147,CX020,Приседания с прыжком на 180 градусов,180 Degree Squat Jumps,Приседание с последующим выпрыгиванием и разворотом в воздухе на 180 градусов.,"Ноги, Кор, Все тело","HIIT, Координация",Средний,"[Ловкость], [Ротация], [Взрывная сила]"
148,CX021,"Переход ""Зверь-Краб""",Beast to Crab Transition,"Плавный переход из позы ""медведя"" в позу ""краба"" и обратно. Движение из Animal Flow.",Все тело,"HIIT, Мобильность",Средний,"[Мобильность всего тела], [Осознанность тела], [Низкоинтенсивное кардио]"
150,SX016,"Динамическая ""Лягушка""",Rocking Frog Pose,"В позе ""Лягушки"" выполняются плавные покачивания тазом вперед-назад для динамической растяжки и мобилизации.","Внутренняя поверхность бедра, Таз","Мобильность, Таз",Средний,"[Динамическая гибкость], [Раскрытие таза], [Комфорт для пассивной роли]"
151,SX017,"Перекаты ""90/90""",90/90 Hip Switches,"Сидя на полу, ноги согнуты в углах 90/90. Плавные перекаты с одной стороны на другую для мобилизации тазобедренных суставов.","Бедра, Таз","Мобильность, Таз",Начальный,"[Внутренняя/внешняя ротация бедра], [Гибкость для поз]"
152,SX018,Глубокий присед с внутренней ротацией бедра,Deep Squat with Internal Rotation,В глубоком приседе (Маласана) выполняется контролируемое опускание одного колена к полу для продвинутой мобилизации таза.,"Бедра, Таз","Мобильность, Таз",Продвинутый,"[Продвинутая мобильность таза], [Контроль движений]"
153,SX019,"""Тазовые часы""",Pelvic Clocks,"Лежа на спине, представить циферблат на тазе и плавно ""наклонять"" его к каждой цифре по кругу.","Кор, МТД, Таз","Контроль, Таз",Начальный,"[Осознанность тела], [Нейромышечный контроль], [Здоровье поясницы]"
154,SX020,"Пульсации в ""Бабочке""",Butterfly Pulses,"В позе ""Бабочки"" выполняются легкие, пружинящие движения коленями вверх-вниз для динамической растяжки паха.",Внутренняя поверхность бедра,"Мобильность, Таз",Начальный,"[Динамическая гибкость], [Улучшение кровотока]"
155,SX021,"Ягодичный мост ""Четверка""",Figure-Four Bridge,"Ягодичный мост, где лодыжка одной ноги лежит на колене другой. Одновременно укрепляет и растягивает ягодицы.","Ягодицы, Бедра","Силовое, Гибкость",Средний,"[Растяжка ягодиц], [Стабильность таза]"
157,CZ016,Поза Щенка,Puppy Pose (Uttana Shishosana),"Стоя на коленях, вытянуть руки вперед и опустить грудь к полу. Глубоко растягивает плечи и грудной отдел.","Плечи, Спина","Заминка, Растяжка",Средний,"[Раскрытие грудной клетки], [Коррекция осанки]"
158,CZ017,Поза Лежачего Героя (модифицированная),Reclining Hero Pose (Modified),"Сидя между пятками (на опоре), плавный наклон назад для глубокой растяжки квадрицепсов и сгибателей бедра.","Квадрицепс, Сгибатели бедра","Заминка, Растяжка",Продвинутый,"[Глубокая растяжка ног], [Подвижность коленей]"
159,CZ018,Поза Дракона,Dragon Pose,Глубокий выпад с опусканием на предплечья для интенсивной растяжки сгибателей бедра.,Сгибатели бедра,"Заминка, Растяжка",Продвинутый,"[Экстремальное раскрытие таза], [Снятие напряжения от сидения]"
160,CZ019,Растяжка в широком седе (Складка),Straddle Stretch,"Сидя на полу, развести прямые ноги широко в стороны и выполнить наклон корпуса вперед.","Внутренняя поверхность бедра, Задняя поверхность бедра","Заминка, Растяжка",Средний,"[Гибкость для поз], [Растяжка паха]"
161,CZ020,Растяжка у стены в широком седе,Wall Straddle,"Лежа на спине, поднять ноги вверх по стене и позволить им разъехаться в стороны под действием гравитации.",Внутренняя поверхность бедра,"Заминка, Растяжка",Начальный,"[Пассивная растяжка], [Расслабление]"
162,CZ021,"Растяжка ""Крендель""",Pretzel Stretch,"Лежа на спине, одна нога закидывается на другую, выполняется скручивание. Глубокая растяжка ягодиц и поясницы.","Ягодицы, Спина","Заминка, Растяжка",Средний,"[Глубокая растяжка ягодиц], [Здоровье поясницы]"
