id,name_ru,name_en,description,muscle_group,exercise_type,level,ai_tags,category
endurance_01,Кардио-интервал,Cardio Interval,Кардио упражнение для развития выносливости и улучшения сердечно-сосудистой системы. Кардио-интервал повышает общую физическую подготовку.,Все тело,cardio,intermediate,"[""Кардио"", ""Выносливость"", ""Сжигание калорий"", ""Интенсивность""]",endurance
endurance_02,Высокоинтенсивный бег,High Intensity Running,Кардио упражнение для развития выносливости и улучшения сердечно-сосудистой системы. Высокоинтенсивный бег повышает общую физическую подготовку.,Все тело,cardio,intermediate,"[""Кардио"", ""Выносливость"", ""Сжигание калорий"", ""Интенсивность""]",endurance
endurance_03,Прыжки,Jumping Exercise,Кардио упражнение для развития выносливости и улучшения сердечно-сосудистой системы. Прыжки повышает общую физическую подготовку.,Все тело,cardio,intermediate,"[""Кардио"", ""Выносливость"", ""Сжигание калорий"", ""Интенсивность""]",endurance
endurance_04,Кардио-микс,Cardio Mix,Кардио упражнение для развития выносливости и улучшения сердечно-сосудистой системы. Кардио-микс повышает общую физическую подготовку.,Все тело,cardio,intermediate,"[""Кардио"", ""Выносливость"", ""Сжигание калорий"", ""Интенсивность""]",endurance
endurance_05,Интенсив,High Intensity,Кардио упражнение для развития выносливости и улучшения сердечно-сосудистой системы. Интенсив повышает общую физическую подготовку.,Все тело,cardio,intermediate,"[""Кардио"", ""Выносливость"", ""Сжигание калорий"", ""Интенсивность""]",endurance
endurance_06,Выносливость,Endurance Training,Кардио упражнение для развития выносливости и улучшения сердечно-сосудистой системы. Выносливость повышает общую физическую подготовку.,Все тело,cardio,intermediate,"[""Кардио"", ""Выносливость"", ""Сжигание калорий"", ""Интенсивность""]",endurance
endurance_07,Кардио-блок,Cardio Block,Кардио упражнение для развития выносливости и улучшения сердечно-сосудистой системы. Кардио-блок повышает общую физическую подготовку.,Все тело,cardio,intermediate,"[""Кардио"", ""Выносливость"", ""Сжигание калорий"", ""Интенсивность""]",endurance
endurance_08,Аэробная нагрузка,Aerobic Exercise,Кардио упражнение для развития выносливости и улучшения сердечно-сосудистой системы. Аэробная нагрузка повышает общую физическую подготовку.,Все тело,cardio,intermediate,"[""Кардио"", ""Выносливость"", ""Сжигание калорий"", ""Интенсивность""]",endurance
endurance_09,Функциональная тренировка,Functional Training,Кардио упражнение для развития выносливости и улучшения сердечно-сосудистой системы. Функциональная тренировка повышает общую физическую подготовку.,Все тело,cardio,intermediate,"[""Кардио"", ""Выносливость"", ""Сжигание калорий"", ""Интенсивность""]",endurance
endurance_10,Круговая тренировка,Circuit Training,Кардио упражнение для развития выносливости и улучшения сердечно-сосудистой системы. Круговая тренировка повышает общую физическую подготовку.,Все тело,cardio,intermediate,"[""Кардио"", ""Выносливость"", ""Сжигание калорий"", ""Интенсивность""]",endurance
endurance_11,Кардио-интервал 2,Cardio Interval 2,Кардио упражнение для развития выносливости и улучшения сердечно-сосудистой системы. Кардио-интервал 2 повышает общую физическую подготовку.,Все тело,cardio,intermediate,"[""Кардио"", ""Выносливость"", ""Сжигание калорий"", ""Интенсивность""]",endurance
endurance_12,Высокоинтенсивный бег 2,High Intensity Running 2,Кардио упражнение для развития выносливости и улучшения сердечно-сосудистой системы. Высокоинтенсивный бег 2 повышает общую физическую подготовку.,Все тело,cardio,intermediate,"[""Кардио"", ""Выносливость"", ""Сжигание калорий"", ""Интенсивность""]",endurance
endurance_13,Прыжки 2,Jumping Exercise 2,Кардио упражнение для развития выносливости и улучшения сердечно-сосудистой системы. Прыжки 2 повышает общую физическую подготовку.,Все тело,cardio,intermediate,"[""Кардио"", ""Выносливость"", ""Сжигание калорий"", ""Интенсивность""]",endurance
endurance_14,Кардио-микс 2,Cardio Mix 2,Кардио упражнение для развития выносливости и улучшения сердечно-сосудистой системы. Кардио-микс 2 повышает общую физическую подготовку.,Все тело,cardio,intermediate,"[""Кардио"", ""Выносливость"", ""Сжигание калорий"", ""Интенсивность""]",endurance
endurance_15,Интенсив 2,High Intensity 2,Кардио упражнение для развития выносливости и улучшения сердечно-сосудистой системы. Интенсив 2 повышает общую физическую подготовку.,Все тело,cardio,intermediate,"[""Кардио"", ""Выносливость"", ""Сжигание калорий"", ""Интенсивность""]",endurance
endurance_16,Выносливость 2,Endurance Training 2,Кардио упражнение для развития выносливости и улучшения сердечно-сосудистой системы. Выносливость 2 повышает общую физическую подготовку.,Все тело,cardio,intermediate,"[""Кардио"", ""Выносливость"", ""Сжигание калорий"", ""Интенсивность""]",endurance
endurance_17,Кардио-блок 2,Cardio Block 2,Кардио упражнение для развития выносливости и улучшения сердечно-сосудистой системы. Кардио-блок 2 повышает общую физическую подготовку.,Все тело,cardio,intermediate,"[""Кардио"", ""Выносливость"", ""Сжигание калорий"", ""Интенсивность""]",endurance
endurance_18,Аэробная нагрузка 2,Aerobic Exercise 2,Кардио упражнение для развития выносливости и улучшения сердечно-сосудистой системы. Аэробная нагрузка 2 повышает общую физическую подготовку.,Все тело,cardio,intermediate,"[""Кардио"", ""Выносливость"", ""Сжигание калорий"", ""Интенсивность""]",endurance
endurance_19,Функциональная тренировка 2,Functional Training 2,Кардио упражнение для развития выносливости и улучшения сердечно-сосудистой системы. Функциональная тренировка 2 повышает общую физическую подготовку.,Все тело,cardio,intermediate,"[""Кардио"", ""Выносливость"", ""Сжигание калорий"", ""Интенсивность""]",endurance
endurance_20,Круговая тренировка 2,Circuit Training 2,Кардио упражнение для развития выносливости и улучшения сердечно-сосудистой системы. Круговая тренировка 2 повышает общую физическую подготовку.,Все тело,cardio,intermediate,"[""Кардио"", ""Выносливость"", ""Сжигание калорий"", ""Интенсивность""]",endurance
endurance_21,Кардио-интервал 3,Cardio Interval 3,Кардио упражнение для развития выносливости и улучшения сердечно-сосудистой системы. Кардио-интервал 3 повышает общую физическую подготовку.,Все тело,cardio,intermediate,"[""Кардио"", ""Выносливость"", ""Сжигание калорий"", ""Интенсивность""]",endurance
endurance_22,Высокоинтенсивный бег 3,High Intensity Running 3,Кардио упражнение для развития выносливости и улучшения сердечно-сосудистой системы. Высокоинтенсивный бег 3 повышает общую физическую подготовку.,Все тело,cardio,intermediate,"[""Кардио"", ""Выносливость"", ""Сжигание калорий"", ""Интенсивность""]",endurance
endurance_23,Прыжки 3,Jumping Exercise 3,Кардио упражнение для развития выносливости и улучшения сердечно-сосудистой системы. Прыжки 3 повышает общую физическую подготовку.,Все тело,cardio,intermediate,"[""Кардио"", ""Выносливость"", ""Сжигание калорий"", ""Интенсивность""]",endurance
endurance_24,Кардио-микс 3,Cardio Mix 3,Кардио упражнение для развития выносливости и улучшения сердечно-сосудистой системы. Кардио-микс 3 повышает общую физическую подготовку.,Все тело,cardio,intermediate,"[""Кардио"", ""Выносливость"", ""Сжигание калорий"", ""Интенсивность""]",endurance
endurance_25,Интенсив 3,High Intensity 3,Кардио упражнение для развития выносливости и улучшения сердечно-сосудистой системы. Интенсив 3 повышает общую физическую подготовку.,Все тело,cardio,intermediate,"[""Кардио"", ""Выносливость"", ""Сжигание калорий"", ""Интенсивность""]",endurance
endurance_26,Выносливость 3,Endurance Training 3,Кардио упражнение для развития выносливости и улучшения сердечно-сосудистой системы. Выносливость 3 повышает общую физическую подготовку.,Все тело,cardio,intermediate,"[""Кардио"", ""Выносливость"", ""Сжигание калорий"", ""Интенсивность""]",endurance
endurance_27,Кардио-блок 3,Cardio Block 3,Кардио упражнение для развития выносливости и улучшения сердечно-сосудистой системы. Кардио-блок 3 повышает общую физическую подготовку.,Все тело,cardio,intermediate,"[""Кардио"", ""Выносливость"", ""Сжигание калорий"", ""Интенсивность""]",endurance
endurance_28,Аэробная нагрузка 3,Aerobic Exercise 3,Кардио упражнение для развития выносливости и улучшения сердечно-сосудистой системы. Аэробная нагрузка 3 повышает общую физическую подготовку.,Все тело,cardio,intermediate,"[""Кардио"", ""Выносливость"", ""Сжигание калорий"", ""Интенсивность""]",endurance
endurance_29,Функциональная тренировка 3,Functional Training 3,Кардио упражнение для развития выносливости и улучшения сердечно-сосудистой системы. Функциональная тренировка 3 повышает общую физическую подготовку.,Все тело,cardio,intermediate,"[""Кардио"", ""Выносливость"", ""Сжигание калорий"", ""Интенсивность""]",endurance
endurance_30,Круговая тренировка 3,Circuit Training 3,Кардио упражнение для развития выносливости и улучшения сердечно-сосудистой системы. Круговая тренировка 3 повышает общую физическую подготовку.,Все тело,cardio,intermediate,"[""Кардио"", ""Выносливость"", ""Сжигание калорий"", ""Интенсивность""]",endurance
endurance_31,Кардио-интервал 4,Cardio Interval 4,Кардио упражнение для развития выносливости и улучшения сердечно-сосудистой системы. Кардио-интервал 4 повышает общую физическую подготовку.,Все тело,cardio,intermediate,"[""Кардио"", ""Выносливость"", ""Сжигание калорий"", ""Интенсивность""]",endurance
endurance_32,Высокоинтенсивный бег 4,High Intensity Running 4,Кардио упражнение для развития выносливости и улучшения сердечно-сосудистой системы. Высокоинтенсивный бег 4 повышает общую физическую подготовку.,Все тело,cardio,intermediate,"[""Кардио"", ""Выносливость"", ""Сжигание калорий"", ""Интенсивность""]",endurance
endurance_33,Прыжки 4,Jumping Exercise 4,Кардио упражнение для развития выносливости и улучшения сердечно-сосудистой системы. Прыжки 4 повышает общую физическую подготовку.,Все тело,cardio,intermediate,"[""Кардио"", ""Выносливость"", ""Сжигание калорий"", ""Интенсивность""]",endurance
endurance_34,Кардио-микс 4,Cardio Mix 4,Кардио упражнение для развития выносливости и улучшения сердечно-сосудистой системы. Кардио-микс 4 повышает общую физическую подготовку.,Все тело,cardio,intermediate,"[""Кардио"", ""Выносливость"", ""Сжигание калорий"", ""Интенсивность""]",endurance
endurance_35,Интенсив 4,High Intensity 4,Кардио упражнение для развития выносливости и улучшения сердечно-сосудистой системы. Интенсив 4 повышает общую физическую подготовку.,Все тело,cardio,intermediate,"[""Кардио"", ""Выносливость"", ""Сжигание калорий"", ""Интенсивность""]",endurance
endurance_36,Выносливость 4,Endurance Training 4,Кардио упражнение для развития выносливости и улучшения сердечно-сосудистой системы. Выносливость 4 повышает общую физическую подготовку.,Все тело,cardio,intermediate,"[""Кардио"", ""Выносливость"", ""Сжигание калорий"", ""Интенсивность""]",endurance
endurance_37,Кардио-блок 4,Cardio Block 4,Кардио упражнение для развития выносливости и улучшения сердечно-сосудистой системы. Кардио-блок 4 повышает общую физическую подготовку.,Все тело,cardio,intermediate,"[""Кардио"", ""Выносливость"", ""Сжигание калорий"", ""Интенсивность""]",endurance
endurance_38,Аэробная нагрузка 4,Aerobic Exercise 4,Кардио упражнение для развития выносливости и улучшения сердечно-сосудистой системы. Аэробная нагрузка 4 повышает общую физическую подготовку.,Все тело,cardio,intermediate,"[""Кардио"", ""Выносливость"", ""Сжигание калорий"", ""Интенсивность""]",endurance
endurance_39,Функциональная тренировка 4,Functional Training 4,Кардио упражнение для развития выносливости и улучшения сердечно-сосудистой системы. Функциональная тренировка 4 повышает общую физическую подготовку.,Все тело,cardio,intermediate,"[""Кардио"", ""Выносливость"", ""Сжигание калорий"", ""Интенсивность""]",endurance
endurance_40,Круговая тренировка 4,Circuit Training 4,Кардио упражнение для развития выносливости и улучшения сердечно-сосудистой системы. Круговая тренировка 4 повышает общую физическую подготовку.,Все тело,cardio,intermediate,"[""Кардио"", ""Выносливость"", ""Сжигание калорий"", ""Интенсивность""]",endurance
endurance_41,Кардио-интервал 5,Cardio Interval 5,Кардио упражнение для развития выносливости и улучшения сердечно-сосудистой системы. Кардио-интервал 5 повышает общую физическую подготовку.,Все тело,cardio,intermediate,"[""Кардио"", ""Выносливость"", ""Сжигание калорий"", ""Интенсивность""]",endurance
endurance_42,Высокоинтенсивный бег 5,High Intensity Running 5,Кардио упражнение для развития выносливости и улучшения сердечно-сосудистой системы. Высокоинтенсивный бег 5 повышает общую физическую подготовку.,Все тело,cardio,intermediate,"[""Кардио"", ""Выносливость"", ""Сжигание калорий"", ""Интенсивность""]",endurance
main_001,Приседания,Squats,Основное силовое упражнение для развития мышечной силы и выносливости. Приседания является ключевым элементом тренировочной программы.,Мышцы кора,strength,intermediate,"[""Сила"", ""Выносливость"", ""Основная тренировка"", ""Мышечная масса""]",main
main_002,Отжимания,Push-ups,Основное силовое упражнение для развития мышечной силы и выносливости. Отжимания является ключевым элементом тренировочной программы.,Мышцы кора,strength,intermediate,"[""Сила"", ""Выносливость"", ""Основная тренировка"", ""Мышечная масса""]",main
main_003,Выпады,Lunges,Основное силовое упражнение для развития мышечной силы и выносливости. Выпады является ключевым элементом тренировочной программы.,Мышцы кора,strength,intermediate,"[""Сила"", ""Выносливость"", ""Основная тренировка"", ""Мышечная масса""]",main
main_004,Планка,Plank,Основное силовое упражнение для развития мышечной силы и выносливости. Планка является ключевым элементом тренировочной программы.,Мышцы кора,strength,intermediate,"[""Сила"", ""Выносливость"", ""Основная тренировка"", ""Мышечная масса""]",main
main_005,Мостик,Glute Bridge,Основное силовое упражнение для развития мышечной силы и выносливости. Мостик является ключевым элементом тренировочной программы.,Мышцы кора,strength,intermediate,"[""Сила"", ""Выносливость"", ""Основная тренировка"", ""Мышечная масса""]",main
main_006,Подъемы ног,Leg Raises,Основное силовое упражнение для развития мышечной силы и выносливости. Подъемы ног является ключевым элементом тренировочной программы.,Мышцы кора,strength,intermediate,"[""Сила"", ""Выносливость"", ""Основная тренировка"", ""Мышечная масса""]",main
main_007,Скручивания,Crunches,Основное силовое упражнение для развития мышечной силы и выносливости. Скручивания является ключевым элементом тренировочной программы.,Мышцы кора,strength,intermediate,"[""Сила"", ""Выносливость"", ""Основная тренировка"", ""Мышечная масса""]",main
main_008,Супермен,Superman,Основное силовое упражнение для развития мышечной силы и выносливости. Супермен является ключевым элементом тренировочной программы.,Мышцы кора,strength,intermediate,"[""Сила"", ""Выносливость"", ""Основная тренировка"", ""Мышечная масса""]",main
main_009,Подтягивания,Pull-ups,Основное силовое упражнение для развития мышечной силы и выносливости. Подтягивания является ключевым элементом тренировочной программы.,Мышцы кора,strength,intermediate,"[""Сила"", ""Выносливость"", ""Основная тренировка"", ""Мышечная масса""]",main
main_010,Берпи,Burpees,Основное силовое упражнение для развития мышечной силы и выносливости. Берпи является ключевым элементом тренировочной программы.,Мышцы кора,strength,intermediate,"[""Сила"", ""Выносливость"", ""Основная тренировка"", ""Мышечная масса""]",main
main_011,Жим,Press,Основное силовое упражнение для развития мышечной силы и выносливости. Жим является ключевым элементом тренировочной программы.,Мышцы кора,strength,intermediate,"[""Сила"", ""Выносливость"", ""Основная тренировка"", ""Мышечная масса""]",main
main_012,Тяга,Rows,Основное силовое упражнение для развития мышечной силы и выносливости. Тяга является ключевым элементом тренировочной программы.,Мышцы кора,strength,intermediate,"[""Сила"", ""Выносливость"", ""Основная тренировка"", ""Мышечная масса""]",main
main_013,Присед-прыжок,Jump Squats,Основное силовое упражнение для развития мышечной силы и выносливости. Присед-прыжок является ключевым элементом тренировочной программы.,Мышцы кора,strength,intermediate,"[""Сила"", ""Выносливость"", ""Основная тренировка"", ""Мышечная масса""]",main
main_014,Выпад-прыжок,Jumping Lunges,Основное силовое упражнение для развития мышечной силы и выносливости. Выпад-прыжок является ключевым элементом тренировочной программы.,Мышцы кора,strength,intermediate,"[""Сила"", ""Выносливость"", ""Основная тренировка"", ""Мышечная масса""]",main
main_015,Подъем на носки,Calf Raises,Основное силовое упражнение для развития мышечной силы и выносливости. Подъем на носки является ключевым элементом тренировочной программы.,Мышцы кора,strength,intermediate,"[""Сила"", ""Выносливость"", ""Основная тренировка"", ""Мышечная масса""]",main
main_016,Приседания 2,Squats 2,Основное силовое упражнение для развития мышечной силы и выносливости. Приседания 2 является ключевым элементом тренировочной программы.,Мышцы кора,strength,intermediate,"[""Сила"", ""Выносливость"", ""Основная тренировка"", ""Мышечная масса""]",main
main_017,Отжимания 2,Push-ups 2,Основное силовое упражнение для развития мышечной силы и выносливости. Отжимания 2 является ключевым элементом тренировочной программы.,Мышцы кора,strength,intermediate,"[""Сила"", ""Выносливость"", ""Основная тренировка"", ""Мышечная масса""]",main
main_018,Выпады 2,Lunges 2,Основное силовое упражнение для развития мышечной силы и выносливости. Выпады 2 является ключевым элементом тренировочной программы.,Мышцы кора,strength,intermediate,"[""Сила"", ""Выносливость"", ""Основная тренировка"", ""Мышечная масса""]",main
main_019,Планка 2,Plank 2,Основное силовое упражнение для развития мышечной силы и выносливости. Планка 2 является ключевым элементом тренировочной программы.,Мышцы кора,strength,intermediate,"[""Сила"", ""Выносливость"", ""Основная тренировка"", ""Мышечная масса""]",main
main_020,Мостик 2,Glute Bridge 2,Основное силовое упражнение для развития мышечной силы и выносливости. Мостик 2 является ключевым элементом тренировочной программы.,Мышцы кора,strength,intermediate,"[""Сила"", ""Выносливость"", ""Основная тренировка"", ""Мышечная масса""]",main
main_021,Подъемы ног 2,Leg Raises 2,Основное силовое упражнение для развития мышечной силы и выносливости. Подъемы ног 2 является ключевым элементом тренировочной программы.,Мышцы кора,strength,intermediate,"[""Сила"", ""Выносливость"", ""Основная тренировка"", ""Мышечная масса""]",main
main_022,Скручивания 2,Crunches 2,Основное силовое упражнение для развития мышечной силы и выносливости. Скручивания 2 является ключевым элементом тренировочной программы.,Мышцы кора,strength,intermediate,"[""Сила"", ""Выносливость"", ""Основная тренировка"", ""Мышечная масса""]",main
main_023,Супермен 2,Superman 2,Основное силовое упражнение для развития мышечной силы и выносливости. Супермен 2 является ключевым элементом тренировочной программы.,Мышцы кора,strength,intermediate,"[""Сила"", ""Выносливость"", ""Основная тренировка"", ""Мышечная масса""]",main
main_024,Подтягивания 2,Pull-ups 2,Основное силовое упражнение для развития мышечной силы и выносливости. Подтягивания 2 является ключевым элементом тренировочной программы.,Мышцы кора,strength,intermediate,"[""Сила"", ""Выносливость"", ""Основная тренировка"", ""Мышечная масса""]",main
main_025,Берпи 2,Burpees 2,Основное силовое упражнение для развития мышечной силы и выносливости. Берпи 2 является ключевым элементом тренировочной программы.,Мышцы кора,strength,intermediate,"[""Сила"", ""Выносливость"", ""Основная тренировка"", ""Мышечная масса""]",main
main_026,Жим 2,Press 2,Основное силовое упражнение для развития мышечной силы и выносливости. Жим 2 является ключевым элементом тренировочной программы.,Мышцы кора,strength,intermediate,"[""Сила"", ""Выносливость"", ""Основная тренировка"", ""Мышечная масса""]",main
main_027,Тяга 2,Rows 2,Основное силовое упражнение для развития мышечной силы и выносливости. Тяга 2 является ключевым элементом тренировочной программы.,Мышцы кора,strength,intermediate,"[""Сила"", ""Выносливость"", ""Основная тренировка"", ""Мышечная масса""]",main
main_028,Присед-прыжок 2,Jump Squats 2,Основное силовое упражнение для развития мышечной силы и выносливости. Присед-прыжок 2 является ключевым элементом тренировочной программы.,Мышцы кора,strength,intermediate,"[""Сила"", ""Выносливость"", ""Основная тренировка"", ""Мышечная масса""]",main
main_029,Выпад-прыжок 2,Jumping Lunges 2,Основное силовое упражнение для развития мышечной силы и выносливости. Выпад-прыжок 2 является ключевым элементом тренировочной программы.,Мышцы кора,strength,intermediate,"[""Сила"", ""Выносливость"", ""Основная тренировка"", ""Мышечная масса""]",main
main_030,Подъем на носки 2,Calf Raises 2,Основное силовое упражнение для развития мышечной силы и выносливости. Подъем на носки 2 является ключевым элементом тренировочной программы.,Мышцы кора,strength,intermediate,"[""Сила"", ""Выносливость"", ""Основная тренировка"", ""Мышечная масса""]",main
main_031,Приседания 3,Squats 3,Основное силовое упражнение для развития мышечной силы и выносливости. Приседания 3 является ключевым элементом тренировочной программы.,Мышцы кора,strength,intermediate,"[""Сила"", ""Выносливость"", ""Основная тренировка"", ""Мышечная масса""]",main
main_032,Отжимания 3,Push-ups 3,Основное силовое упражнение для развития мышечной силы и выносливости. Отжимания 3 является ключевым элементом тренировочной программы.,Мышцы кора,strength,intermediate,"[""Сила"", ""Выносливость"", ""Основная тренировка"", ""Мышечная масса""]",main
main_033,Выпады 3,Lunges 3,Основное силовое упражнение для развития мышечной силы и выносливости. Выпады 3 является ключевым элементом тренировочной программы.,Мышцы кора,strength,intermediate,"[""Сила"", ""Выносливость"", ""Основная тренировка"", ""Мышечная масса""]",main
main_034,Планка 3,Plank 3,Основное силовое упражнение для развития мышечной силы и выносливости. Планка 3 является ключевым элементом тренировочной программы.,Мышцы кора,strength,intermediate,"[""Сила"", ""Выносливость"", ""Основная тренировка"", ""Мышечная масса""]",main
main_035,Мостик 3,Glute Bridge 3,Основное силовое упражнение для развития мышечной силы и выносливости. Мостик 3 является ключевым элементом тренировочной программы.,Мышцы кора,strength,intermediate,"[""Сила"", ""Выносливость"", ""Основная тренировка"", ""Мышечная масса""]",main
main_036,Подъемы ног 3,Leg Raises 3,Основное силовое упражнение для развития мышечной силы и выносливости. Подъемы ног 3 является ключевым элементом тренировочной программы.,Мышцы кора,strength,intermediate,"[""Сила"", ""Выносливость"", ""Основная тренировка"", ""Мышечная масса""]",main
main_037,Скручивания 3,Crunches 3,Основное силовое упражнение для развития мышечной силы и выносливости. Скручивания 3 является ключевым элементом тренировочной программы.,Мышцы кора,strength,intermediate,"[""Сила"", ""Выносливость"", ""Основная тренировка"", ""Мышечная масса""]",main
main_038,Супермен 3,Superman 3,Основное силовое упражнение для развития мышечной силы и выносливости. Супермен 3 является ключевым элементом тренировочной программы.,Мышцы кора,strength,intermediate,"[""Сила"", ""Выносливость"", ""Основная тренировка"", ""Мышечная масса""]",main
main_039,Подтягивания 3,Pull-ups 3,Основное силовое упражнение для развития мышечной силы и выносливости. Подтягивания 3 является ключевым элементом тренировочной программы.,Мышцы кора,strength,intermediate,"[""Сила"", ""Выносливость"", ""Основная тренировка"", ""Мышечная масса""]",main
main_040,Берпи 3,Burpees 3,Основное силовое упражнение для развития мышечной силы и выносливости. Берпи 3 является ключевым элементом тренировочной программы.,Мышцы кора,strength,intermediate,"[""Сила"", ""Выносливость"", ""Основная тренировка"", ""Мышечная масса""]",main
main_041,Жим 3,Press 3,Основное силовое упражнение для развития мышечной силы и выносливости. Жим 3 является ключевым элементом тренировочной программы.,Мышцы кора,strength,intermediate,"[""Сила"", ""Выносливость"", ""Основная тренировка"", ""Мышечная масса""]",main
main_042,Тяга 3,Rows 3,Основное силовое упражнение для развития мышечной силы и выносливости. Тяга 3 является ключевым элементом тренировочной программы.,Мышцы кора,strength,intermediate,"[""Сила"", ""Выносливость"", ""Основная тренировка"", ""Мышечная масса""]",main
main_043,Присед-прыжок 3,Jump Squats 3,Основное силовое упражнение для развития мышечной силы и выносливости. Присед-прыжок 3 является ключевым элементом тренировочной программы.,Мышцы кора,strength,intermediate,"[""Сила"", ""Выносливость"", ""Основная тренировка"", ""Мышечная масса""]",main
main_044,Выпад-прыжок 3,Jumping Lunges 3,Основное силовое упражнение для развития мышечной силы и выносливости. Выпад-прыжок 3 является ключевым элементом тренировочной программы.,Мышцы кора,strength,intermediate,"[""Сила"", ""Выносливость"", ""Основная тренировка"", ""Мышечная масса""]",main
main_045,Подъем на носки 3,Calf Raises 3,Основное силовое упражнение для развития мышечной силы и выносливости. Подъем на носки 3 является ключевым элементом тренировочной программы.,Мышцы кора,strength,intermediate,"[""Сила"", ""Выносливость"", ""Основная тренировка"", ""Мышечная масса""]",main
main_046,Приседания 4,Squats 4,Основное силовое упражнение для развития мышечной силы и выносливости. Приседания 4 является ключевым элементом тренировочной программы.,Мышцы кора,strength,intermediate,"[""Сила"", ""Выносливость"", ""Основная тренировка"", ""Мышечная масса""]",main
main_047,Отжимания 4,Push-ups 4,Основное силовое упражнение для развития мышечной силы и выносливости. Отжимания 4 является ключевым элементом тренировочной программы.,Мышцы кора,strength,intermediate,"[""Сила"", ""Выносливость"", ""Основная тренировка"", ""Мышечная масса""]",main
main_048,Выпады 4,Lunges 4,Основное силовое упражнение для развития мышечной силы и выносливости. Выпады 4 является ключевым элементом тренировочной программы.,Мышцы кора,strength,intermediate,"[""Сила"", ""Выносливость"", ""Основная тренировка"", ""Мышечная масса""]",main
main_049,Планка 4,Plank 4,Основное силовое упражнение для развития мышечной силы и выносливости. Планка 4 является ключевым элементом тренировочной программы.,Мышцы кора,strength,intermediate,"[""Сила"", ""Выносливость"", ""Основная тренировка"", ""Мышечная масса""]",main
main_050,Мостик 4,Glute Bridge 4,Основное силовое упражнение для развития мышечной силы и выносливости. Мостик 4 является ключевым элементом тренировочной программы.,Мышцы кора,strength,intermediate,"[""Сила"", ""Выносливость"", ""Основная тренировка"", ""Мышечная масса""]",main
main_051,Подъемы ног 4,Leg Raises 4,Основное силовое упражнение для развития мышечной силы и выносливости. Подъемы ног 4 является ключевым элементом тренировочной программы.,Мышцы кора,strength,intermediate,"[""Сила"", ""Выносливость"", ""Основная тренировка"", ""Мышечная масса""]",main
main_052,Скручивания 4,Crunches 4,Основное силовое упражнение для развития мышечной силы и выносливости. Скручивания 4 является ключевым элементом тренировочной программы.,Мышцы кора,strength,intermediate,"[""Сила"", ""Выносливость"", ""Основная тренировка"", ""Мышечная масса""]",main
main_053,Супермен 4,Superman 4,Основное силовое упражнение для развития мышечной силы и выносливости. Супермен 4 является ключевым элементом тренировочной программы.,Мышцы кора,strength,intermediate,"[""Сила"", ""Выносливость"", ""Основная тренировка"", ""Мышечная масса""]",main
main_054,Подтягивания 4,Pull-ups 4,Основное силовое упражнение для развития мышечной силы и выносливости. Подтягивания 4 является ключевым элементом тренировочной программы.,Мышцы кора,strength,intermediate,"[""Сила"", ""Выносливость"", ""Основная тренировка"", ""Мышечная масса""]",main
main_055,Берпи 4,Burpees 4,Основное силовое упражнение для развития мышечной силы и выносливости. Берпи 4 является ключевым элементом тренировочной программы.,Мышцы кора,strength,intermediate,"[""Сила"", ""Выносливость"", ""Основная тренировка"", ""Мышечная масса""]",main
main_056,Жим 4,Press 4,Основное силовое упражнение для развития мышечной силы и выносливости. Жим 4 является ключевым элементом тренировочной программы.,Мышцы кора,strength,intermediate,"[""Сила"", ""Выносливость"", ""Основная тренировка"", ""Мышечная масса""]",main
main_057,Тяга 4,Rows 4,Основное силовое упражнение для развития мышечной силы и выносливости. Тяга 4 является ключевым элементом тренировочной программы.,Мышцы кора,strength,intermediate,"[""Сила"", ""Выносливость"", ""Основная тренировка"", ""Мышечная масса""]",main
main_058,Присед-прыжок 4,Jump Squats 4,Основное силовое упражнение для развития мышечной силы и выносливости. Присед-прыжок 4 является ключевым элементом тренировочной программы.,Мышцы кора,strength,intermediate,"[""Сила"", ""Выносливость"", ""Основная тренировка"", ""Мышечная масса""]",main
main_059,Выпад-прыжок 4,Jumping Lunges 4,Основное силовое упражнение для развития мышечной силы и выносливости. Выпад-прыжок 4 является ключевым элементом тренировочной программы.,Мышцы кора,strength,intermediate,"[""Сила"", ""Выносливость"", ""Основная тренировка"", ""Мышечная масса""]",main
main_060,Подъем на носки 4,Calf Raises 4,Основное силовое упражнение для развития мышечной силы и выносливости. Подъем на носки 4 является ключевым элементом тренировочной программы.,Мышцы кора,strength,intermediate,"[""Сила"", ""Выносливость"", ""Основная тренировка"", ""Мышечная масса""]",main
main_061,Приседания 5,Squats 5,Основное силовое упражнение для развития мышечной силы и выносливости. Приседания 5 является ключевым элементом тренировочной программы.,Мышцы кора,strength,intermediate,"[""Сила"", ""Выносливость"", ""Основная тренировка"", ""Мышечная масса""]",main
main_062,Отжимания 5,Push-ups 5,Основное силовое упражнение для развития мышечной силы и выносливости. Отжимания 5 является ключевым элементом тренировочной программы.,Мышцы кора,strength,intermediate,"[""Сила"", ""Выносливость"", ""Основная тренировка"", ""Мышечная масса""]",main
main_063,Выпады 5,Lunges 5,Основное силовое упражнение для развития мышечной силы и выносливости. Выпады 5 является ключевым элементом тренировочной программы.,Мышцы кора,strength,intermediate,"[""Сила"", ""Выносливость"", ""Основная тренировка"", ""Мышечная масса""]",main
main_064,Планка 5,Plank 5,Основное силовое упражнение для развития мышечной силы и выносливости. Планка 5 является ключевым элементом тренировочной программы.,Мышцы кора,strength,intermediate,"[""Сила"", ""Выносливость"", ""Основная тренировка"", ""Мышечная масса""]",main
main_065,Мостик 5,Glute Bridge 5,Основное силовое упражнение для развития мышечной силы и выносливости. Мостик 5 является ключевым элементом тренировочной программы.,Мышцы кора,strength,intermediate,"[""Сила"", ""Выносливость"", ""Основная тренировка"", ""Мышечная масса""]",main
main_066,Подъемы ног 5,Leg Raises 5,Основное силовое упражнение для развития мышечной силы и выносливости. Подъемы ног 5 является ключевым элементом тренировочной программы.,Мышцы кора,strength,intermediate,"[""Сила"", ""Выносливость"", ""Основная тренировка"", ""Мышечная масса""]",main
main_067,Скручивания 5,Crunches 5,Основное силовое упражнение для развития мышечной силы и выносливости. Скручивания 5 является ключевым элементом тренировочной программы.,Мышцы кора,strength,intermediate,"[""Сила"", ""Выносливость"", ""Основная тренировка"", ""Мышечная масса""]",main
main_068,Супермен 5,Superman 5,Основное силовое упражнение для развития мышечной силы и выносливости. Супермен 5 является ключевым элементом тренировочной программы.,Мышцы кора,strength,intermediate,"[""Сила"", ""Выносливость"", ""Основная тренировка"", ""Мышечная масса""]",main
main_069,Подтягивания 5,Pull-ups 5,Основное силовое упражнение для развития мышечной силы и выносливости. Подтягивания 5 является ключевым элементом тренировочной программы.,Мышцы кора,strength,intermediate,"[""Сила"", ""Выносливость"", ""Основная тренировка"", ""Мышечная масса""]",main
main_070,Берпи 5,Burpees 5,Основное силовое упражнение для развития мышечной силы и выносливости. Берпи 5 является ключевым элементом тренировочной программы.,Мышцы кора,strength,intermediate,"[""Сила"", ""Выносливость"", ""Основная тренировка"", ""Мышечная масса""]",main
main_071,Жим 5,Press 5,Основное силовое упражнение для развития мышечной силы и выносливости. Жим 5 является ключевым элементом тренировочной программы.,Мышцы кора,strength,intermediate,"[""Сила"", ""Выносливость"", ""Основная тренировка"", ""Мышечная масса""]",main
main_072,Тяга 5,Rows 5,Основное силовое упражнение для развития мышечной силы и выносливости. Тяга 5 является ключевым элементом тренировочной программы.,Мышцы кора,strength,intermediate,"[""Сила"", ""Выносливость"", ""Основная тренировка"", ""Мышечная масса""]",main
main_073,Присед-прыжок 5,Jump Squats 5,Основное силовое упражнение для развития мышечной силы и выносливости. Присед-прыжок 5 является ключевым элементом тренировочной программы.,Мышцы кора,strength,intermediate,"[""Сила"", ""Выносливость"", ""Основная тренировка"", ""Мышечная масса""]",main
main_074,Выпад-прыжок 5,Jumping Lunges 5,Основное силовое упражнение для развития мышечной силы и выносливости. Выпад-прыжок 5 является ключевым элементом тренировочной программы.,Мышцы кора,strength,intermediate,"[""Сила"", ""Выносливость"", ""Основная тренировка"", ""Мышечная масса""]",main
main_075,Подъем на носки 5,Calf Raises 5,Основное силовое упражнение для развития мышечной силы и выносливости. Подъем на носки 5 является ключевым элементом тренировочной программы.,Мышцы кора,strength,intermediate,"[""Сила"", ""Выносливость"", ""Основная тренировка"", ""Мышечная масса""]",main
main_076,Приседания 6,Squats 6,Основное силовое упражнение для развития мышечной силы и выносливости. Приседания 6 является ключевым элементом тренировочной программы.,Мышцы кора,strength,intermediate,"[""Сила"", ""Выносливость"", ""Основная тренировка"", ""Мышечная масса""]",main
main_077,Отжимания 6,Push-ups 6,Основное силовое упражнение для развития мышечной силы и выносливости. Отжимания 6 является ключевым элементом тренировочной программы.,Мышцы кора,strength,intermediate,"[""Сила"", ""Выносливость"", ""Основная тренировка"", ""Мышечная масса""]",main
main_078,Выпады 6,Lunges 6,Основное силовое упражнение для развития мышечной силы и выносливости. Выпады 6 является ключевым элементом тренировочной программы.,Мышцы кора,strength,intermediate,"[""Сила"", ""Выносливость"", ""Основная тренировка"", ""Мышечная масса""]",main
main_079,Планка 6,Plank 6,Основное силовое упражнение для развития мышечной силы и выносливости. Планка 6 является ключевым элементом тренировочной программы.,Мышцы кора,strength,intermediate,"[""Сила"", ""Выносливость"", ""Основная тренировка"", ""Мышечная масса""]",main
main_080,Мостик 6,Glute Bridge 6,Основное силовое упражнение для развития мышечной силы и выносливости. Мостик 6 является ключевым элементом тренировочной программы.,Мышцы кора,strength,intermediate,"[""Сила"", ""Выносливость"", ""Основная тренировка"", ""Мышечная масса""]",main
main_081,Подъемы ног 6,Leg Raises 6,Основное силовое упражнение для развития мышечной силы и выносливости. Подъемы ног 6 является ключевым элементом тренировочной программы.,Мышцы кора,strength,intermediate,"[""Сила"", ""Выносливость"", ""Основная тренировка"", ""Мышечная масса""]",main
main_082,Скручивания 6,Crunches 6,Основное силовое упражнение для развития мышечной силы и выносливости. Скручивания 6 является ключевым элементом тренировочной программы.,Мышцы кора,strength,intermediate,"[""Сила"", ""Выносливость"", ""Основная тренировка"", ""Мышечная масса""]",main
main_083,Супермен 6,Superman 6,Основное силовое упражнение для развития мышечной силы и выносливости. Супермен 6 является ключевым элементом тренировочной программы.,Мышцы кора,strength,intermediate,"[""Сила"", ""Выносливость"", ""Основная тренировка"", ""Мышечная масса""]",main
main_084,Подтягивания 6,Pull-ups 6,Основное силовое упражнение для развития мышечной силы и выносливости. Подтягивания 6 является ключевым элементом тренировочной программы.,Мышцы кора,strength,intermediate,"[""Сила"", ""Выносливость"", ""Основная тренировка"", ""Мышечная масса""]",main
main_085,Берпи 6,Burpees 6,Основное силовое упражнение для развития мышечной силы и выносливости. Берпи 6 является ключевым элементом тренировочной программы.,Мышцы кора,strength,intermediate,"[""Сила"", ""Выносливость"", ""Основная тренировка"", ""Мышечная масса""]",main
main_086,Жим 6,Press 6,Основное силовое упражнение для развития мышечной силы и выносливости. Жим 6 является ключевым элементом тренировочной программы.,Мышцы кора,strength,intermediate,"[""Сила"", ""Выносливость"", ""Основная тренировка"", ""Мышечная масса""]",main
main_087,Тяга 6,Rows 6,Основное силовое упражнение для развития мышечной силы и выносливости. Тяга 6 является ключевым элементом тренировочной программы.,Мышцы кора,strength,intermediate,"[""Сила"", ""Выносливость"", ""Основная тренировка"", ""Мышечная масса""]",main
main_088,Присед-прыжок 6,Jump Squats 6,Основное силовое упражнение для развития мышечной силы и выносливости. Присед-прыжок 6 является ключевым элементом тренировочной программы.,Мышцы кора,strength,intermediate,"[""Сила"", ""Выносливость"", ""Основная тренировка"", ""Мышечная масса""]",main
main_089,Выпад-прыжок 6,Jumping Lunges 6,Основное силовое упражнение для развития мышечной силы и выносливости. Выпад-прыжок 6 является ключевым элементом тренировочной программы.,Мышцы кора,strength,intermediate,"[""Сила"", ""Выносливость"", ""Основная тренировка"", ""Мышечная масса""]",main
main_090,Подъем на носки 6,Calf Raises 6,Основное силовое упражнение для развития мышечной силы и выносливости. Подъем на носки 6 является ключевым элементом тренировочной программы.,Мышцы кора,strength,intermediate,"[""Сила"", ""Выносливость"", ""Основная тренировка"", ""Мышечная масса""]",main
main_091,Приседания 7,Squats 7,Основное силовое упражнение для развития мышечной силы и выносливости. Приседания 7 является ключевым элементом тренировочной программы.,Мышцы кора,strength,intermediate,"[""Сила"", ""Выносливость"", ""Основная тренировка"", ""Мышечная масса""]",main
main_092,Отжимания 7,Push-ups 7,Основное силовое упражнение для развития мышечной силы и выносливости. Отжимания 7 является ключевым элементом тренировочной программы.,Мышцы кора,strength,intermediate,"[""Сила"", ""Выносливость"", ""Основная тренировка"", ""Мышечная масса""]",main
main_093,Выпады 7,Lunges 7,Основное силовое упражнение для развития мышечной силы и выносливости. Выпады 7 является ключевым элементом тренировочной программы.,Мышцы кора,strength,intermediate,"[""Сила"", ""Выносливость"", ""Основная тренировка"", ""Мышечная масса""]",main
main_094,Планка 7,Plank 7,Основное силовое упражнение для развития мышечной силы и выносливости. Планка 7 является ключевым элементом тренировочной программы.,Мышцы кора,strength,intermediate,"[""Сила"", ""Выносливость"", ""Основная тренировка"", ""Мышечная масса""]",main
main_095,Мостик 7,Glute Bridge 7,Основное силовое упражнение для развития мышечной силы и выносливости. Мостик 7 является ключевым элементом тренировочной программы.,Мышцы кора,strength,intermediate,"[""Сила"", ""Выносливость"", ""Основная тренировка"", ""Мышечная масса""]",main
main_096,Подъемы ног 7,Leg Raises 7,Основное силовое упражнение для развития мышечной силы и выносливости. Подъемы ног 7 является ключевым элементом тренировочной программы.,Мышцы кора,strength,intermediate,"[""Сила"", ""Выносливость"", ""Основная тренировка"", ""Мышечная масса""]",main
main_097,Скручивания 7,Crunches 7,Основное силовое упражнение для развития мышечной силы и выносливости. Скручивания 7 является ключевым элементом тренировочной программы.,Мышцы кора,strength,intermediate,"[""Сила"", ""Выносливость"", ""Основная тренировка"", ""Мышечная масса""]",main
main_098,Супермен 7,Superman 7,Основное силовое упражнение для развития мышечной силы и выносливости. Супермен 7 является ключевым элементом тренировочной программы.,Мышцы кора,strength,intermediate,"[""Сила"", ""Выносливость"", ""Основная тренировка"", ""Мышечная масса""]",main
main_099,Подтягивания 7,Pull-ups 7,Основное силовое упражнение для развития мышечной силы и выносливости. Подтягивания 7 является ключевым элементом тренировочной программы.,Мышцы кора,strength,intermediate,"[""Сила"", ""Выносливость"", ""Основная тренировка"", ""Мышечная масса""]",main
main_100,Берпи 7,Burpees 7,Основное силовое упражнение для развития мышечной силы и выносливости. Берпи 7 является ключевым элементом тренировочной программы.,Мышцы кора,strength,intermediate,"[""Сила"", ""Выносливость"", ""Основная тренировка"", ""Мышечная масса""]",main
main_101,Жим 7,Press 7,Основное силовое упражнение для развития мышечной силы и выносливости. Жим 7 является ключевым элементом тренировочной программы.,Мышцы кора,strength,intermediate,"[""Сила"", ""Выносливость"", ""Основная тренировка"", ""Мышечная масса""]",main
main_102,Тяга 7,Rows 7,Основное силовое упражнение для развития мышечной силы и выносливости. Тяга 7 является ключевым элементом тренировочной программы.,Мышцы кора,strength,intermediate,"[""Сила"", ""Выносливость"", ""Основная тренировка"", ""Мышечная масса""]",main
main_103,Присед-прыжок 7,Jump Squats 7,Основное силовое упражнение для развития мышечной силы и выносливости. Присед-прыжок 7 является ключевым элементом тренировочной программы.,Мышцы кора,strength,intermediate,"[""Сила"", ""Выносливость"", ""Основная тренировка"", ""Мышечная масса""]",main
main_104,Выпад-прыжок 7,Jumping Lunges 7,Основное силовое упражнение для развития мышечной силы и выносливости. Выпад-прыжок 7 является ключевым элементом тренировочной программы.,Мышцы кора,strength,intermediate,"[""Сила"", ""Выносливость"", ""Основная тренировка"", ""Мышечная масса""]",main
main_105,Подъем на носки 7,Calf Raises 7,Основное силовое упражнение для развития мышечной силы и выносливости. Подъем на носки 7 является ключевым элементом тренировочной программы.,Мышцы кора,strength,intermediate,"[""Сила"", ""Выносливость"", ""Основная тренировка"", ""Мышечная масса""]",main
main_106,Приседания 8,Squats 8,Основное силовое упражнение для развития мышечной силы и выносливости. Приседания 8 является ключевым элементом тренировочной программы.,Мышцы кора,strength,intermediate,"[""Сила"", ""Выносливость"", ""Основная тренировка"", ""Мышечная масса""]",main
main_107,Отжимания 8,Push-ups 8,Основное силовое упражнение для развития мышечной силы и выносливости. Отжимания 8 является ключевым элементом тренировочной программы.,Мышцы кора,strength,intermediate,"[""Сила"", ""Выносливость"", ""Основная тренировка"", ""Мышечная масса""]",main
main_108,Выпады 8,Lunges 8,Основное силовое упражнение для развития мышечной силы и выносливости. Выпады 8 является ключевым элементом тренировочной программы.,Мышцы кора,strength,intermediate,"[""Сила"", ""Выносливость"", ""Основная тренировка"", ""Мышечная масса""]",main
main_109,Планка 8,Plank 8,Основное силовое упражнение для развития мышечной силы и выносливости. Планка 8 является ключевым элементом тренировочной программы.,Мышцы кора,strength,intermediate,"[""Сила"", ""Выносливость"", ""Основная тренировка"", ""Мышечная масса""]",main
main_110,Мостик 8,Glute Bridge 8,Основное силовое упражнение для развития мышечной силы и выносливости. Мостик 8 является ключевым элементом тренировочной программы.,Мышцы кора,strength,intermediate,"[""Сила"", ""Выносливость"", ""Основная тренировка"", ""Мышечная масса""]",main
main_111,Подъемы ног 8,Leg Raises 8,Основное силовое упражнение для развития мышечной силы и выносливости. Подъемы ног 8 является ключевым элементом тренировочной программы.,Мышцы кора,strength,intermediate,"[""Сила"", ""Выносливость"", ""Основная тренировка"", ""Мышечная масса""]",main
main_112,Скручивания 8,Crunches 8,Основное силовое упражнение для развития мышечной силы и выносливости. Скручивания 8 является ключевым элементом тренировочной программы.,Мышцы кора,strength,intermediate,"[""Сила"", ""Выносливость"", ""Основная тренировка"", ""Мышечная масса""]",main
main_113,Супермен 8,Superman 8,Основное силовое упражнение для развития мышечной силы и выносливости. Супермен 8 является ключевым элементом тренировочной программы.,Мышцы кора,strength,intermediate,"[""Сила"", ""Выносливость"", ""Основная тренировка"", ""Мышечная масса""]",main
main_114,Подтягивания 8,Pull-ups 8,Основное силовое упражнение для развития мышечной силы и выносливости. Подтягивания 8 является ключевым элементом тренировочной программы.,Мышцы кора,strength,intermediate,"[""Сила"", ""Выносливость"", ""Основная тренировка"", ""Мышечная масса""]",main
main_115,Берпи 8,Burpees 8,Основное силовое упражнение для развития мышечной силы и выносливости. Берпи 8 является ключевым элементом тренировочной программы.,Мышцы кора,strength,intermediate,"[""Сила"", ""Выносливость"", ""Основная тренировка"", ""Мышечная масса""]",main
main_116,Жим 8,Press 8,Основное силовое упражнение для развития мышечной силы и выносливости. Жим 8 является ключевым элементом тренировочной программы.,Мышцы кора,strength,intermediate,"[""Сила"", ""Выносливость"", ""Основная тренировка"", ""Мышечная масса""]",main
main_117,Тяга 8,Rows 8,Основное силовое упражнение для развития мышечной силы и выносливости. Тяга 8 является ключевым элементом тренировочной программы.,Мышцы кора,strength,intermediate,"[""Сила"", ""Выносливость"", ""Основная тренировка"", ""Мышечная масса""]",main
main_118,Присед-прыжок 8,Jump Squats 8,Основное силовое упражнение для развития мышечной силы и выносливости. Присед-прыжок 8 является ключевым элементом тренировочной программы.,Мышцы кора,strength,intermediate,"[""Сила"", ""Выносливость"", ""Основная тренировка"", ""Мышечная масса""]",main
main_119,Выпад-прыжок 8,Jumping Lunges 8,Основное силовое упражнение для развития мышечной силы и выносливости. Выпад-прыжок 8 является ключевым элементом тренировочной программы.,Мышцы кора,strength,intermediate,"[""Сила"", ""Выносливость"", ""Основная тренировка"", ""Мышечная масса""]",main
main_120,Подъем на носки 8,Calf Raises 8,Основное силовое упражнение для развития мышечной силы и выносливости. Подъем на носки 8 является ключевым элементом тренировочной программы.,Мышцы кора,strength,intermediate,"[""Сила"", ""Выносливость"", ""Основная тренировка"", ""Мышечная масса""]",main
main_121,Приседания 9,Squats 9,Основное силовое упражнение для развития мышечной силы и выносливости. Приседания 9 является ключевым элементом тренировочной программы.,Мышцы кора,strength,intermediate,"[""Сила"", ""Выносливость"", ""Основная тренировка"", ""Мышечная масса""]",main
main_122,Отжимания 9,Push-ups 9,Основное силовое упражнение для развития мышечной силы и выносливости. Отжимания 9 является ключевым элементом тренировочной программы.,Мышцы кора,strength,intermediate,"[""Сила"", ""Выносливость"", ""Основная тренировка"", ""Мышечная масса""]",main
main_123,Выпады 9,Lunges 9,Основное силовое упражнение для развития мышечной силы и выносливости. Выпады 9 является ключевым элементом тренировочной программы.,Мышцы кора,strength,intermediate,"[""Сила"", ""Выносливость"", ""Основная тренировка"", ""Мышечная масса""]",main
main_124,Планка 9,Plank 9,Основное силовое упражнение для развития мышечной силы и выносливости. Планка 9 является ключевым элементом тренировочной программы.,Мышцы кора,strength,intermediate,"[""Сила"", ""Выносливость"", ""Основная тренировка"", ""Мышечная масса""]",main
main_125,Мостик 9,Glute Bridge 9,Основное силовое упражнение для развития мышечной силы и выносливости. Мостик 9 является ключевым элементом тренировочной программы.,Мышцы кора,strength,intermediate,"[""Сила"", ""Выносливость"", ""Основная тренировка"", ""Мышечная масса""]",main
main_126,Подъемы ног 9,Leg Raises 9,Основное силовое упражнение для развития мышечной силы и выносливости. Подъемы ног 9 является ключевым элементом тренировочной программы.,Мышцы кора,strength,intermediate,"[""Сила"", ""Выносливость"", ""Основная тренировка"", ""Мышечная масса""]",main
main_127,Скручивания 9,Crunches 9,Основное силовое упражнение для развития мышечной силы и выносливости. Скручивания 9 является ключевым элементом тренировочной программы.,Мышцы кора,strength,intermediate,"[""Сила"", ""Выносливость"", ""Основная тренировка"", ""Мышечная масса""]",main
main_128,Супермен 9,Superman 9,Основное силовое упражнение для развития мышечной силы и выносливости. Супермен 9 является ключевым элементом тренировочной программы.,Мышцы кора,strength,intermediate,"[""Сила"", ""Выносливость"", ""Основная тренировка"", ""Мышечная масса""]",main
main_129,Подтягивания 9,Pull-ups 9,Основное силовое упражнение для развития мышечной силы и выносливости. Подтягивания 9 является ключевым элементом тренировочной программы.,Мышцы кора,strength,intermediate,"[""Сила"", ""Выносливость"", ""Основная тренировка"", ""Мышечная масса""]",main
main_130,Берпи 9,Burpees 9,Основное силовое упражнение для развития мышечной силы и выносливости. Берпи 9 является ключевым элементом тренировочной программы.,Мышцы кора,strength,intermediate,"[""Сила"", ""Выносливость"", ""Основная тренировка"", ""Мышечная масса""]",main
main_131,Жим 9,Press 9,Основное силовое упражнение для развития мышечной силы и выносливости. Жим 9 является ключевым элементом тренировочной программы.,Мышцы кора,strength,intermediate,"[""Сила"", ""Выносливость"", ""Основная тренировка"", ""Мышечная масса""]",main
main_132,Тяга 9,Rows 9,Основное силовое упражнение для развития мышечной силы и выносливости. Тяга 9 является ключевым элементом тренировочной программы.,Мышцы кора,strength,intermediate,"[""Сила"", ""Выносливость"", ""Основная тренировка"", ""Мышечная масса""]",main
main_133,Присед-прыжок 9,Jump Squats 9,Основное силовое упражнение для развития мышечной силы и выносливости. Присед-прыжок 9 является ключевым элементом тренировочной программы.,Мышцы кора,strength,intermediate,"[""Сила"", ""Выносливость"", ""Основная тренировка"", ""Мышечная масса""]",main
main_134,Выпад-прыжок 9,Jumping Lunges 9,Основное силовое упражнение для развития мышечной силы и выносливости. Выпад-прыжок 9 является ключевым элементом тренировочной программы.,Мышцы кора,strength,intermediate,"[""Сила"", ""Выносливость"", ""Основная тренировка"", ""Мышечная масса""]",main
main_135,Подъем на носки 9,Calf Raises 9,Основное силовое упражнение для развития мышечной силы и выносливости. Подъем на носки 9 является ключевым элементом тренировочной программы.,Мышцы кора,strength,intermediate,"[""Сила"", ""Выносливость"", ""Основная тренировка"", ""Мышечная масса""]",main
main_136,Приседания 10,Squats 10,Основное силовое упражнение для развития мышечной силы и выносливости. Приседания 10 является ключевым элементом тренировочной программы.,Мышцы кора,strength,intermediate,"[""Сила"", ""Выносливость"", ""Основная тренировка"", ""Мышечная масса""]",main
main_137,Отжимания 10,Push-ups 10,Основное силовое упражнение для развития мышечной силы и выносливости. Отжимания 10 является ключевым элементом тренировочной программы.,Мышцы кора,strength,intermediate,"[""Сила"", ""Выносливость"", ""Основная тренировка"", ""Мышечная масса""]",main
main_138,Выпады 10,Lunges 10,Основное силовое упражнение для развития мышечной силы и выносливости. Выпады 10 является ключевым элементом тренировочной программы.,Мышцы кора,strength,intermediate,"[""Сила"", ""Выносливость"", ""Основная тренировка"", ""Мышечная масса""]",main
main_139,Планка 10,Plank 10,Основное силовое упражнение для развития мышечной силы и выносливости. Планка 10 является ключевым элементом тренировочной программы.,Мышцы кора,strength,intermediate,"[""Сила"", ""Выносливость"", ""Основная тренировка"", ""Мышечная масса""]",main
main_140,Мостик 10,Glute Bridge 10,Основное силовое упражнение для развития мышечной силы и выносливости. Мостик 10 является ключевым элементом тренировочной программы.,Мышцы кора,strength,intermediate,"[""Сила"", ""Выносливость"", ""Основная тренировка"", ""Мышечная масса""]",main
main_141,Подъемы ног 10,Leg Raises 10,Основное силовое упражнение для развития мышечной силы и выносливости. Подъемы ног 10 является ключевым элементом тренировочной программы.,Мышцы кора,strength,intermediate,"[""Сила"", ""Выносливость"", ""Основная тренировка"", ""Мышечная масса""]",main
main_142,Скручивания 10,Crunches 10,Основное силовое упражнение для развития мышечной силы и выносливости. Скручивания 10 является ключевым элементом тренировочной программы.,Мышцы кора,strength,intermediate,"[""Сила"", ""Выносливость"", ""Основная тренировка"", ""Мышечная масса""]",main
main_143,Супермен 10,Superman 10,Основное силовое упражнение для развития мышечной силы и выносливости. Супермен 10 является ключевым элементом тренировочной программы.,Мышцы кора,strength,intermediate,"[""Сила"", ""Выносливость"", ""Основная тренировка"", ""Мышечная масса""]",main
main_144,Подтягивания 10,Pull-ups 10,Основное силовое упражнение для развития мышечной силы и выносливости. Подтягивания 10 является ключевым элементом тренировочной программы.,Мышцы кора,strength,intermediate,"[""Сила"", ""Выносливость"", ""Основная тренировка"", ""Мышечная масса""]",main
main_145,Берпи 10,Burpees 10,Основное силовое упражнение для развития мышечной силы и выносливости. Берпи 10 является ключевым элементом тренировочной программы.,Мышцы кора,strength,intermediate,"[""Сила"", ""Выносливость"", ""Основная тренировка"", ""Мышечная масса""]",main
relaxation_01,Растяжка спины,Back Stretch,Упражнение на растяжку и расслабление для восстановления после тренировки. Растяжка спины помогает снять напряжение и улучшить гибкость.,Все тело,flexibility,beginner,"[""Растяжка"", ""Расслабление"", ""Восстановление"", ""Гибкость""]",relaxation
relaxation_02,Растяжка ног,Leg Stretch,Упражнение на растяжку и расслабление для восстановления после тренировки. Растяжка ног помогает снять напряжение и улучшить гибкость.,Все тело,flexibility,beginner,"[""Растяжка"", ""Расслабление"", ""Восстановление"", ""Гибкость""]",relaxation
relaxation_03,Растяжка плеч,Shoulder Stretch,Упражнение на растяжку и расслабление для восстановления после тренировки. Растяжка плеч помогает снять напряжение и улучшить гибкость.,Все тело,flexibility,beginner,"[""Растяжка"", ""Расслабление"", ""Восстановление"", ""Гибкость""]",relaxation
relaxation_04,Растяжка груди,Chest Stretch,Упражнение на растяжку и расслабление для восстановления после тренировки. Растяжка груди помогает снять напряжение и улучшить гибкость.,Все тело,flexibility,beginner,"[""Растяжка"", ""Расслабление"", ""Восстановление"", ""Гибкость""]",relaxation
relaxation_05,Растяжка бедер,Hip Stretch,Упражнение на растяжку и расслабление для восстановления после тренировки. Растяжка бедер помогает снять напряжение и улучшить гибкость.,Все тело,flexibility,beginner,"[""Растяжка"", ""Расслабление"", ""Восстановление"", ""Гибкость""]",relaxation
relaxation_06,Поза ребенка,Child's Pose,Упражнение на растяжку и расслабление для восстановления после тренировки. Поза ребенка помогает снять напряжение и улучшить гибкость.,Все тело,flexibility,beginner,"[""Растяжка"", ""Расслабление"", ""Восстановление"", ""Гибкость""]",relaxation
relaxation_07,Скручивание,Spinal Twist,Упражнение на растяжку и расслабление для восстановления после тренировки. Скручивание помогает снять напряжение и улучшить гибкость.,Все тело,flexibility,beginner,"[""Растяжка"", ""Расслабление"", ""Восстановление"", ""Гибкость""]",relaxation
relaxation_08,Расслабление,Relaxation Pose,Упражнение на растяжку и расслабление для восстановления после тренировки. Расслабление помогает снять напряжение и улучшить гибкость.,Все тело,flexibility,beginner,"[""Растяжка"", ""Расслабление"", ""Восстановление"", ""Гибкость""]",relaxation
relaxation_09,Медитативная растяжка,Meditative Stretch,Упражнение на растяжку и расслабление для восстановления после тренировки. Медитативная растяжка помогает снять напряжение и улучшить гибкость.,Все тело,flexibility,beginner,"[""Растяжка"", ""Расслабление"", ""Восстановление"", ""Гибкость""]",relaxation
relaxation_10,Восстановление,Recovery Stretch,Упражнение на растяжку и расслабление для восстановления после тренировки. Восстановление помогает снять напряжение и улучшить гибкость.,Все тело,flexibility,beginner,"[""Растяжка"", ""Расслабление"", ""Восстановление"", ""Гибкость""]",relaxation
relaxation_11,Растяжка спины 2,Back Stretch 2,Упражнение на растяжку и расслабление для восстановления после тренировки. Растяжка спины 2 помогает снять напряжение и улучшить гибкость.,Все тело,flexibility,beginner,"[""Растяжка"", ""Расслабление"", ""Восстановление"", ""Гибкость""]",relaxation
relaxation_12,Растяжка ног 2,Leg Stretch 2,Упражнение на растяжку и расслабление для восстановления после тренировки. Растяжка ног 2 помогает снять напряжение и улучшить гибкость.,Все тело,flexibility,beginner,"[""Растяжка"", ""Расслабление"", ""Восстановление"", ""Гибкость""]",relaxation
relaxation_13,Растяжка плеч 2,Shoulder Stretch 2,Упражнение на растяжку и расслабление для восстановления после тренировки. Растяжка плеч 2 помогает снять напряжение и улучшить гибкость.,Все тело,flexibility,beginner,"[""Растяжка"", ""Расслабление"", ""Восстановление"", ""Гибкость""]",relaxation
relaxation_14,Растяжка груди 2,Chest Stretch 2,Упражнение на растяжку и расслабление для восстановления после тренировки. Растяжка груди 2 помогает снять напряжение и улучшить гибкость.,Все тело,flexibility,beginner,"[""Растяжка"", ""Расслабление"", ""Восстановление"", ""Гибкость""]",relaxation
relaxation_15,Растяжка бедер 2,Hip Stretch 2,Упражнение на растяжку и расслабление для восстановления после тренировки. Растяжка бедер 2 помогает снять напряжение и улучшить гибкость.,Все тело,flexibility,beginner,"[""Растяжка"", ""Расслабление"", ""Восстановление"", ""Гибкость""]",relaxation
relaxation_16,Поза ребенка 2,Child's Pose 2,Упражнение на растяжку и расслабление для восстановления после тренировки. Поза ребенка 2 помогает снять напряжение и улучшить гибкость.,Все тело,flexibility,beginner,"[""Растяжка"", ""Расслабление"", ""Восстановление"", ""Гибкость""]",relaxation
relaxation_17,Скручивание 2,Spinal Twist 2,Упражнение на растяжку и расслабление для восстановления после тренировки. Скручивание 2 помогает снять напряжение и улучшить гибкость.,Все тело,flexibility,beginner,"[""Растяжка"", ""Расслабление"", ""Восстановление"", ""Гибкость""]",relaxation
relaxation_18,Расслабление 2,Relaxation Pose 2,Упражнение на растяжку и расслабление для восстановления после тренировки. Расслабление 2 помогает снять напряжение и улучшить гибкость.,Все тело,flexibility,beginner,"[""Растяжка"", ""Расслабление"", ""Восстановление"", ""Гибкость""]",relaxation
relaxation_19,Медитативная растяжка 2,Meditative Stretch 2,Упражнение на растяжку и расслабление для восстановления после тренировки. Медитативная растяжка 2 помогает снять напряжение и улучшить гибкость.,Все тело,flexibility,beginner,"[""Растяжка"", ""Расслабление"", ""Восстановление"", ""Гибкость""]",relaxation
relaxation_20,Восстановление 2,Recovery Stretch 2,Упражнение на растяжку и расслабление для восстановления после тренировки. Восстановление 2 помогает снять напряжение и улучшить гибкость.,Все тело,flexibility,beginner,"[""Растяжка"", ""Расслабление"", ""Восстановление"", ""Гибкость""]",relaxation
relaxation_21,Растяжка спины 3,Back Stretch 3,Упражнение на растяжку и расслабление для восстановления после тренировки. Растяжка спины 3 помогает снять напряжение и улучшить гибкость.,Все тело,flexibility,beginner,"[""Растяжка"", ""Расслабление"", ""Восстановление"", ""Гибкость""]",relaxation
relaxation_22,Растяжка ног 3,Leg Stretch 3,Упражнение на растяжку и расслабление для восстановления после тренировки. Растяжка ног 3 помогает снять напряжение и улучшить гибкость.,Все тело,flexibility,beginner,"[""Растяжка"", ""Расслабление"", ""Восстановление"", ""Гибкость""]",relaxation
relaxation_23,Растяжка плеч 3,Shoulder Stretch 3,Упражнение на растяжку и расслабление для восстановления после тренировки. Растяжка плеч 3 помогает снять напряжение и улучшить гибкость.,Все тело,flexibility,beginner,"[""Растяжка"", ""Расслабление"", ""Восстановление"", ""Гибкость""]",relaxation
relaxation_24,Растяжка груди 3,Chest Stretch 3,Упражнение на растяжку и расслабление для восстановления после тренировки. Растяжка груди 3 помогает снять напряжение и улучшить гибкость.,Все тело,flexibility,beginner,"[""Растяжка"", ""Расслабление"", ""Восстановление"", ""Гибкость""]",relaxation
relaxation_25,Растяжка бедер 3,Hip Stretch 3,Упражнение на растяжку и расслабление для восстановления после тренировки. Растяжка бедер 3 помогает снять напряжение и улучшить гибкость.,Все тело,flexibility,beginner,"[""Растяжка"", ""Расслабление"", ""Восстановление"", ""Гибкость""]",relaxation
relaxation_26,Поза ребенка 3,Child's Pose 3,Упражнение на растяжку и расслабление для восстановления после тренировки. Поза ребенка 3 помогает снять напряжение и улучшить гибкость.,Все тело,flexibility,beginner,"[""Растяжка"", ""Расслабление"", ""Восстановление"", ""Гибкость""]",relaxation
relaxation_27,Скручивание 3,Spinal Twist 3,Упражнение на растяжку и расслабление для восстановления после тренировки. Скручивание 3 помогает снять напряжение и улучшить гибкость.,Все тело,flexibility,beginner,"[""Растяжка"", ""Расслабление"", ""Восстановление"", ""Гибкость""]",relaxation
relaxation_28,Расслабление 3,Relaxation Pose 3,Упражнение на растяжку и расслабление для восстановления после тренировки. Расслабление 3 помогает снять напряжение и улучшить гибкость.,Все тело,flexibility,beginner,"[""Растяжка"", ""Расслабление"", ""Восстановление"", ""Гибкость""]",relaxation
relaxation_29,Медитативная растяжка 3,Meditative Stretch 3,Упражнение на растяжку и расслабление для восстановления после тренировки. Медитативная растяжка 3 помогает снять напряжение и улучшить гибкость.,Все тело,flexibility,beginner,"[""Растяжка"", ""Расслабление"", ""Восстановление"", ""Гибкость""]",relaxation
relaxation_30,Восстановление 3,Recovery Stretch 3,Упражнение на растяжку и расслабление для восстановления после тренировки. Восстановление 3 помогает снять напряжение и улучшить гибкость.,Все тело,flexibility,beginner,"[""Растяжка"", ""Расслабление"", ""Восстановление"", ""Гибкость""]",relaxation
relaxation_31,Растяжка спины 4,Back Stretch 4,Упражнение на растяжку и расслабление для восстановления после тренировки. Растяжка спины 4 помогает снять напряжение и улучшить гибкость.,Все тело,flexibility,beginner,"[""Растяжка"", ""Расслабление"", ""Восстановление"", ""Гибкость""]",relaxation
relaxation_32,Растяжка ног 4,Leg Stretch 4,Упражнение на растяжку и расслабление для восстановления после тренировки. Растяжка ног 4 помогает снять напряжение и улучшить гибкость.,Все тело,flexibility,beginner,"[""Растяжка"", ""Расслабление"", ""Восстановление"", ""Гибкость""]",relaxation
relaxation_33,Растяжка плеч 4,Shoulder Stretch 4,Упражнение на растяжку и расслабление для восстановления после тренировки. Растяжка плеч 4 помогает снять напряжение и улучшить гибкость.,Все тело,flexibility,beginner,"[""Растяжка"", ""Расслабление"", ""Восстановление"", ""Гибкость""]",relaxation
relaxation_34,Растяжка груди 4,Chest Stretch 4,Упражнение на растяжку и расслабление для восстановления после тренировки. Растяжка груди 4 помогает снять напряжение и улучшить гибкость.,Все тело,flexibility,beginner,"[""Растяжка"", ""Расслабление"", ""Восстановление"", ""Гибкость""]",relaxation
relaxation_35,Растяжка бедер 4,Hip Stretch 4,Упражнение на растяжку и расслабление для восстановления после тренировки. Растяжка бедер 4 помогает снять напряжение и улучшить гибкость.,Все тело,flexibility,beginner,"[""Растяжка"", ""Расслабление"", ""Восстановление"", ""Гибкость""]",relaxation
relaxation_36,Поза ребенка 4,Child's Pose 4,Упражнение на растяжку и расслабление для восстановления после тренировки. Поза ребенка 4 помогает снять напряжение и улучшить гибкость.,Все тело,flexibility,beginner,"[""Растяжка"", ""Расслабление"", ""Восстановление"", ""Гибкость""]",relaxation
relaxation_37,Скручивание 4,Spinal Twist 4,Упражнение на растяжку и расслабление для восстановления после тренировки. Скручивание 4 помогает снять напряжение и улучшить гибкость.,Все тело,flexibility,beginner,"[""Растяжка"", ""Расслабление"", ""Восстановление"", ""Гибкость""]",relaxation
relaxation_38,Расслабление 4,Relaxation Pose 4,Упражнение на растяжку и расслабление для восстановления после тренировки. Расслабление 4 помогает снять напряжение и улучшить гибкость.,Все тело,flexibility,beginner,"[""Растяжка"", ""Расслабление"", ""Восстановление"", ""Гибкость""]",relaxation
relaxation_39,Медитативная растяжка 4,Meditative Stretch 4,Упражнение на растяжку и расслабление для восстановления после тренировки. Медитативная растяжка 4 помогает снять напряжение и улучшить гибкость.,Все тело,flexibility,beginner,"[""Растяжка"", ""Расслабление"", ""Восстановление"", ""Гибкость""]",relaxation
relaxation_40,Восстановление 4,Recovery Stretch 4,Упражнение на растяжку и расслабление для восстановления после тренировки. Восстановление 4 помогает снять напряжение и улучшить гибкость.,Все тело,flexibility,beginner,"[""Растяжка"", ""Расслабление"", ""Восстановление"", ""Гибкость""]",relaxation
relaxation_41,Растяжка спины 5,Back Stretch 5,Упражнение на растяжку и расслабление для восстановления после тренировки. Растяжка спины 5 помогает снять напряжение и улучшить гибкость.,Все тело,flexibility,beginner,"[""Растяжка"", ""Расслабление"", ""Восстановление"", ""Гибкость""]",relaxation
relaxation_42,Растяжка ног 5,Leg Stretch 5,Упражнение на растяжку и расслабление для восстановления после тренировки. Растяжка ног 5 помогает снять напряжение и улучшить гибкость.,Все тело,flexibility,beginner,"[""Растяжка"", ""Расслабление"", ""Восстановление"", ""Гибкость""]",relaxation
warmup_01,Вращения тазом,Hip Circles,Разминочное упражнение для подготовки тела к основной нагрузке. Вращения тазом помогает активировать мышцы и улучшить подвижность суставов.,Все тело,mobility,beginner,"[""Разминка"", ""Подвижность"", ""Подготовка"", ""Активация""]",warmup
warmup_02,Махи ногами,Leg Swings,Разминочное упражнение для подготовки тела к основной нагрузке. Махи ногами помогает активировать мышцы и улучшить подвижность суставов.,Все тело,mobility,beginner,"[""Разминка"", ""Подвижность"", ""Подготовка"", ""Активация""]",warmup
warmup_03,Круговые движения плечами,Shoulder Rolls,Разминочное упражнение для подготовки тела к основной нагрузке. Круговые движения плечами помогает активировать мышцы и улучшить подвижность суставов.,Все тело,mobility,beginner,"[""Разминка"", ""Подвижность"", ""Подготовка"", ""Активация""]",warmup
warmup_04,Наклоны туловища,Torso Bends,Разминочное упражнение для подготовки тела к основной нагрузке. Наклоны туловища помогает активировать мышцы и улучшить подвижность суставов.,Все тело,mobility,beginner,"[""Разминка"", ""Подвижность"", ""Подготовка"", ""Активация""]",warmup
warmup_05,Кошка-Корова,Cat-Cow Pose,Разминочное упражнение для подготовки тела к основной нагрузке. Кошка-Корова помогает активировать мышцы и улучшить подвижность суставов.,Все тело,mobility,beginner,"[""Разминка"", ""Подвижность"", ""Подготовка"", ""Активация""]",warmup
warmup_06,Ходьба на месте,High Knees Marching,Разминочное упражнение для подготовки тела к основной нагрузке. Ходьба на месте помогает активировать мышцы и улучшить подвижность суставов.,Все тело,mobility,beginner,"[""Разминка"", ""Подвижность"", ""Подготовка"", ""Активация""]",warmup
warmup_07,Прыжки на месте,Jumping Jacks Light,Разминочное упражнение для подготовки тела к основной нагрузке. Прыжки на месте помогает активировать мышцы и улучшить подвижность суставов.,Все тело,mobility,beginner,"[""Разминка"", ""Подвижность"", ""Подготовка"", ""Активация""]",warmup
warmup_08,Вращения суставов,Joint Rotations,Разминочное упражнение для подготовки тела к основной нагрузке. Вращения суставов помогает активировать мышцы и улучшить подвижность суставов.,Все тело,mobility,beginner,"[""Разминка"", ""Подвижность"", ""Подготовка"", ""Активация""]",warmup
warmup_09,Наклоны таза,Pelvic Tilts,Разминочное упражнение для подготовки тела к основной нагрузке. Наклоны таза помогает активировать мышцы и улучшить подвижность суставов.,Все тело,mobility,beginner,"[""Разминка"", ""Подвижность"", ""Подготовка"", ""Активация""]",warmup
warmup_10,Повороты корпуса,Torso Twists,Разминочное упражнение для подготовки тела к основной нагрузке. Повороты корпуса помогает активировать мышцы и улучшить подвижность суставов.,Все тело,mobility,beginner,"[""Разминка"", ""Подвижность"", ""Подготовка"", ""Активация""]",warmup
warmup_11,Мостик активация,Glute Bridge Activation,Разминочное упражнение для подготовки тела к основной нагрузке. Мостик активация помогает активировать мышцы и улучшить подвижность суставов.,Все тело,mobility,beginner,"[""Разминка"", ""Подвижность"", ""Подготовка"", ""Активация""]",warmup
warmup_12,Приседания разминочные,Warm-up Squats,Разминочное упражнение для подготовки тела к основной нагрузке. Приседания разминочные помогает активировать мышцы и улучшить подвижность суставов.,Все тело,mobility,beginner,"[""Разминка"", ""Подвижность"", ""Подготовка"", ""Активация""]",warmup
warmup_13,Отжимания от стены,Wall Push-ups,Разминочное упражнение для подготовки тела к основной нагрузке. Отжимания от стены помогает активировать мышцы и улучшить подвижность суставов.,Все тело,mobility,beginner,"[""Разминка"", ""Подвижность"", ""Подготовка"", ""Активация""]",warmup
warmup_14,Червяк,Inchworm,Разминочное упражнение для подготовки тела к основной нагрузке. Червяк помогает активировать мышцы и улучшить подвижность суставов.,Все тело,mobility,beginner,"[""Разминка"", ""Подвижность"", ""Подготовка"", ""Активация""]",warmup
warmup_15,Выпады разминочные,Warm-up Lunges,Разминочное упражнение для подготовки тела к основной нагрузке. Выпады разминочные помогает активировать мышцы и улучшить подвижность суставов.,Все тело,mobility,beginner,"[""Разминка"", ""Подвижность"", ""Подготовка"", ""Активация""]",warmup
warmup_16,Вращения тазом 2,Hip Circles 2,Разминочное упражнение для подготовки тела к основной нагрузке. Вращения тазом 2 помогает активировать мышцы и улучшить подвижность суставов.,Все тело,mobility,beginner,"[""Разминка"", ""Подвижность"", ""Подготовка"", ""Активация""]",warmup
warmup_17,Махи ногами 2,Leg Swings 2,Разминочное упражнение для подготовки тела к основной нагрузке. Махи ногами 2 помогает активировать мышцы и улучшить подвижность суставов.,Все тело,mobility,beginner,"[""Разминка"", ""Подвижность"", ""Подготовка"", ""Активация""]",warmup
warmup_18,Круговые движения плечами 2,Shoulder Rolls 2,Разминочное упражнение для подготовки тела к основной нагрузке. Круговые движения плечами 2 помогает активировать мышцы и улучшить подвижность суставов.,Все тело,mobility,beginner,"[""Разминка"", ""Подвижность"", ""Подготовка"", ""Активация""]",warmup
warmup_19,Наклоны туловища 2,Torso Bends 2,Разминочное упражнение для подготовки тела к основной нагрузке. Наклоны туловища 2 помогает активировать мышцы и улучшить подвижность суставов.,Все тело,mobility,beginner,"[""Разминка"", ""Подвижность"", ""Подготовка"", ""Активация""]",warmup
warmup_20,Кошка-Корова 2,Cat-Cow Pose 2,Разминочное упражнение для подготовки тела к основной нагрузке. Кошка-Корова 2 помогает активировать мышцы и улучшить подвижность суставов.,Все тело,mobility,beginner,"[""Разминка"", ""Подвижность"", ""Подготовка"", ""Активация""]",warmup
warmup_21,Ходьба на месте 2,High Knees Marching 2,Разминочное упражнение для подготовки тела к основной нагрузке. Ходьба на месте 2 помогает активировать мышцы и улучшить подвижность суставов.,Все тело,mobility,beginner,"[""Разминка"", ""Подвижность"", ""Подготовка"", ""Активация""]",warmup
warmup_22,Прыжки на месте 2,Jumping Jacks Light 2,Разминочное упражнение для подготовки тела к основной нагрузке. Прыжки на месте 2 помогает активировать мышцы и улучшить подвижность суставов.,Все тело,mobility,beginner,"[""Разминка"", ""Подвижность"", ""Подготовка"", ""Активация""]",warmup
warmup_23,Вращения суставов 2,Joint Rotations 2,Разминочное упражнение для подготовки тела к основной нагрузке. Вращения суставов 2 помогает активировать мышцы и улучшить подвижность суставов.,Все тело,mobility,beginner,"[""Разминка"", ""Подвижность"", ""Подготовка"", ""Активация""]",warmup
warmup_24,Наклоны таза 2,Pelvic Tilts 2,Разминочное упражнение для подготовки тела к основной нагрузке. Наклоны таза 2 помогает активировать мышцы и улучшить подвижность суставов.,Все тело,mobility,beginner,"[""Разминка"", ""Подвижность"", ""Подготовка"", ""Активация""]",warmup
warmup_25,Повороты корпуса 2,Torso Twists 2,Разминочное упражнение для подготовки тела к основной нагрузке. Повороты корпуса 2 помогает активировать мышцы и улучшить подвижность суставов.,Все тело,mobility,beginner,"[""Разминка"", ""Подвижность"", ""Подготовка"", ""Активация""]",warmup
warmup_26,Мостик активация 2,Glute Bridge Activation 2,Разминочное упражнение для подготовки тела к основной нагрузке. Мостик активация 2 помогает активировать мышцы и улучшить подвижность суставов.,Все тело,mobility,beginner,"[""Разминка"", ""Подвижность"", ""Подготовка"", ""Активация""]",warmup
warmup_27,Приседания разминочные 2,Warm-up Squats 2,Разминочное упражнение для подготовки тела к основной нагрузке. Приседания разминочные 2 помогает активировать мышцы и улучшить подвижность суставов.,Все тело,mobility,beginner,"[""Разминка"", ""Подвижность"", ""Подготовка"", ""Активация""]",warmup
warmup_28,Отжимания от стены 2,Wall Push-ups 2,Разминочное упражнение для подготовки тела к основной нагрузке. Отжимания от стены 2 помогает активировать мышцы и улучшить подвижность суставов.,Все тело,mobility,beginner,"[""Разминка"", ""Подвижность"", ""Подготовка"", ""Активация""]",warmup
warmup_29,Червяк 2,Inchworm 2,Разминочное упражнение для подготовки тела к основной нагрузке. Червяк 2 помогает активировать мышцы и улучшить подвижность суставов.,Все тело,mobility,beginner,"[""Разминка"", ""Подвижность"", ""Подготовка"", ""Активация""]",warmup
warmup_30,Выпады разминочные 2,Warm-up Lunges 2,Разминочное упражнение для подготовки тела к основной нагрузке. Выпады разминочные 2 помогает активировать мышцы и улучшить подвижность суставов.,Все тело,mobility,beginner,"[""Разминка"", ""Подвижность"", ""Подготовка"", ""Активация""]",warmup
warmup_31,Вращения тазом 3,Hip Circles 3,Разминочное упражнение для подготовки тела к основной нагрузке. Вращения тазом 3 помогает активировать мышцы и улучшить подвижность суставов.,Все тело,mobility,beginner,"[""Разминка"", ""Подвижность"", ""Подготовка"", ""Активация""]",warmup
warmup_32,Махи ногами 3,Leg Swings 3,Разминочное упражнение для подготовки тела к основной нагрузке. Махи ногами 3 помогает активировать мышцы и улучшить подвижность суставов.,Все тело,mobility,beginner,"[""Разминка"", ""Подвижность"", ""Подготовка"", ""Активация""]",warmup
warmup_33,Круговые движения плечами 3,Shoulder Rolls 3,Разминочное упражнение для подготовки тела к основной нагрузке. Круговые движения плечами 3 помогает активировать мышцы и улучшить подвижность суставов.,Все тело,mobility,beginner,"[""Разминка"", ""Подвижность"", ""Подготовка"", ""Активация""]",warmup
warmup_34,Наклоны туловища 3,Torso Bends 3,Разминочное упражнение для подготовки тела к основной нагрузке. Наклоны туловища 3 помогает активировать мышцы и улучшить подвижность суставов.,Все тело,mobility,beginner,"[""Разминка"", ""Подвижность"", ""Подготовка"", ""Активация""]",warmup
warmup_35,Кошка-Корова 3,Cat-Cow Pose 3,Разминочное упражнение для подготовки тела к основной нагрузке. Кошка-Корова 3 помогает активировать мышцы и улучшить подвижность суставов.,Все тело,mobility,beginner,"[""Разминка"", ""Подвижность"", ""Подготовка"", ""Активация""]",warmup
warmup_36,Ходьба на месте 3,High Knees Marching 3,Разминочное упражнение для подготовки тела к основной нагрузке. Ходьба на месте 3 помогает активировать мышцы и улучшить подвижность суставов.,Все тело,mobility,beginner,"[""Разминка"", ""Подвижность"", ""Подготовка"", ""Активация""]",warmup
warmup_37,Прыжки на месте 3,Jumping Jacks Light 3,Разминочное упражнение для подготовки тела к основной нагрузке. Прыжки на месте 3 помогает активировать мышцы и улучшить подвижность суставов.,Все тело,mobility,beginner,"[""Разминка"", ""Подвижность"", ""Подготовка"", ""Активация""]",warmup
warmup_38,Вращения суставов 3,Joint Rotations 3,Разминочное упражнение для подготовки тела к основной нагрузке. Вращения суставов 3 помогает активировать мышцы и улучшить подвижность суставов.,Все тело,mobility,beginner,"[""Разминка"", ""Подвижность"", ""Подготовка"", ""Активация""]",warmup
warmup_39,Наклоны таза 3,Pelvic Tilts 3,Разминочное упражнение для подготовки тела к основной нагрузке. Наклоны таза 3 помогает активировать мышцы и улучшить подвижность суставов.,Все тело,mobility,beginner,"[""Разминка"", ""Подвижность"", ""Подготовка"", ""Активация""]",warmup
warmup_40,Повороты корпуса 3,Torso Twists 3,Разминочное упражнение для подготовки тела к основной нагрузке. Повороты корпуса 3 помогает активировать мышцы и улучшить подвижность суставов.,Все тело,mobility,beginner,"[""Разминка"", ""Подвижность"", ""Подготовка"", ""Активация""]",warmup
warmup_41,Мостик активация 3,Glute Bridge Activation 3,Разминочное упражнение для подготовки тела к основной нагрузке. Мостик активация 3 помогает активировать мышцы и улучшить подвижность суставов.,Все тело,mobility,beginner,"[""Разминка"", ""Подвижность"", ""Подготовка"", ""Активация""]",warmup
warmup_42,Приседания разминочные 3,Warm-up Squats 3,Разминочное упражнение для подготовки тела к основной нагрузке. Приседания разминочные 3 помогает активировать мышцы и улучшить подвижность суставов.,Все тело,mobility,beginner,"[""Разминка"", ""Подвижность"", ""Подготовка"", ""Активация""]",warmup
