exercise_id,exercise_slug,exercise_name,exercise_name_ru,category,category_ru,original_path,original_name,original_folder,new_name,size_mb,estimated_duration,target_path,cloudflare_url,video_reused
1,breathing-activation,Breathing Activation,Дыхательная активация,movement_prep,Подготовка к движению,"/Volumes/Z9/материалы для ai fitnes/exercises/GAY BAR- LATIN & WHITE STRIPPER- COCK, SEE THRU, SUPER EROTIC/LATIN-RAIDD BAR/MSU-190723-RaiddBarParis-HunkyShowerStripperFlashingHardCock-1.mp4",MSU-190723-RaiddBarParis-HunkyShowerStripperFlashingHardCock-1.mp4,"GAY BAR- LATIN & WHITE STRIPPER- COCK, SEE THRU, SUPER EROTIC/LATIN-RAIDD BAR",breathing-activation_technique_mod1.mp4,19.98,2.0 мин,/Volumes/Z9/AI_FITNESS_COACH_VIDEOS/exercises/breathing-activation_technique_mod1.mp4,https://ai-fitness-media.r2.cloudflarestorage.com/videos/exercises/breathing-activation_technique_mod1.mp4,False
2,neuromuscular-warm-up,Neuromuscular Warm-up,Нейромышечная разминка,movement_prep,Подготовка к движению,"/Volumes/Z9/материалы для ai fitnes/exercises/GAY BAR- LATIN & WHITE STRIPPER- COCK, SEE THRU, SUPER EROTIC/LATIN-CLUB AMERIKA/MSU-180925-ClubAmerikaDisco-HotGoGoDancersFlashingHardCock.mp4",MSU-180925-ClubAmerikaDisco-HotGoGoDancersFlashingHardCock.mp4,"GAY BAR- LATIN & WHITE STRIPPER- COCK, SEE THRU, SUPER EROTIC/LATIN-CLUB AMERIKA",neuromuscular-warm-up_technique_mod1.mp4,19.97,2.0 мин,/Volumes/Z9/AI_FITNESS_COACH_VIDEOS/exercises/neuromuscular-warm-up_technique_mod1.mp4,https://ai-fitness-media.r2.cloudflarestorage.com/videos/exercises/neuromuscular-warm-up_technique_mod1.mp4,False
3,spinal-wave,Spinal Wave,Мобилизация позвоночника,movement_prep,Подготовка к движению,/Volumes/Z9/материалы для ai fitnes/exercises/FILM CUTSCENES/MSU-151219-TheCanyons-FrontalNudityScenes-1.mp4,MSU-151219-TheCanyons-FrontalNudityScenes-1.mp4,FILM CUTSCENES,spinal-wave_technique_mod1.mp4,19.96,2.0 мин,/Volumes/Z9/AI_FITNESS_COACH_VIDEOS/exercises/spinal-wave_technique_mod1.mp4,https://ai-fitness-media.r2.cloudflarestorage.com/videos/exercises/spinal-wave_technique_mod1.mp4,False
4,glute-activation-flow,Glute Activation Flow,Активация ягодиц,movement_prep,Подготовка к движению,"/Volumes/Z9/материалы для ai fitnes/exercises/GAY BAR- LATIN & WHITE STRIPPER- COCK, SEE THRU, SUPER EROTIC/LATIN-KM ZERO CLUB/MSU-171225-MuscledStripperShowsHardBulge.mp4",MSU-171225-MuscledStripperShowsHardBulge.mp4,"GAY BAR- LATIN & WHITE STRIPPER- COCK, SEE THRU, SUPER EROTIC/LATIN-KM ZERO CLUB",glute-activation-flow_technique_mod1.mp4,19.95,2.0 мин,/Volumes/Z9/AI_FITNESS_COACH_VIDEOS/exercises/glute-activation-flow_technique_mod1.mp4,https://ai-fitness-media.r2.cloudflarestorage.com/videos/exercises/glute-activation-flow_technique_mod1.mp4,False
5,shoulder-mobility-flow,Shoulder Mobility Flow,Подготовка плеч,movement_prep,Подготовка к движению,/Volumes/Z9/материалы для ai fitnes/exercises/GAY BAR- NON LATIN STRIPPER- BULGE & HALF NAKED/MSU-130412-HotNakedGoGoDancerInACap.mp4,MSU-130412-HotNakedGoGoDancerInACap.mp4,GAY BAR- NON LATIN STRIPPER- BULGE & HALF NAKED,shoulder-mobility-flow_technique_mod1.mp4,19.93,2.0 мин,/Volumes/Z9/AI_FITNESS_COACH_VIDEOS/exercises/shoulder-mobility-flow_technique_mod1.mp4,https://ai-fitness-media.r2.cloudflarestorage.com/videos/exercises/shoulder-mobility-flow_technique_mod1.mp4,False
6,foot-activation,Foot Activation,Активация стоп,movement_prep,Подготовка к движению,/Volumes/Z9/материалы для ai fitnes/exercises/BODYBUILDER MIX/MSU-101020-MuscledStudStripsJO-1.mp4,MSU-101020-MuscledStudStripsJO-1.mp4,BODYBUILDER MIX,foot-activation_technique_mod1.mp4,19.92,2.0 мин,/Volumes/Z9/AI_FITNESS_COACH_VIDEOS/exercises/foot-activation_technique_mod1.mp4,https://ai-fitness-media.r2.cloudflarestorage.com/videos/exercises/foot-activation_technique_mod1.mp4,False
7,fascial-wake-up,Fascial Wake-up,Пробуждение фасций,movement_prep,Подготовка к движению,/Volumes/Z9/материалы для ai fitnes/exercises/STRAIGHT BAR- MAGIC MIKE & ALIKE/MSU-170205-BonJoviStyleGoGoDancing.mp4,MSU-170205-BonJoviStyleGoGoDancing.mp4,STRAIGHT BAR- MAGIC MIKE & ALIKE,fascial-wake-up_technique_mod1.mp4,19.91,2.0 мин,/Volumes/Z9/AI_FITNESS_COACH_VIDEOS/exercises/fascial-wake-up_technique_mod1.mp4,https://ai-fitness-media.r2.cloudflarestorage.com/videos/exercises/fascial-wake-up_technique_mod1.mp4,False
8,coordination-primer,Coordination Primer,Координационная подготовка,movement_prep,Подготовка к движению,"/Volumes/Z9/материалы для ai fitnes/exercises/GAY BAR- LATIN & WHITE STRIPPER- COCK, SEE THRU, SUPER EROTIC/LATIN-GENETIC MAJESTIC/MSU-200124-GeneticMajesticClub-DiegoBarrosLiveOnStage-1.mp4",MSU-200124-GeneticMajesticClub-DiegoBarrosLiveOnStage-1.mp4,"GAY BAR- LATIN & WHITE STRIPPER- COCK, SEE THRU, SUPER EROTIC/LATIN-GENETIC MAJESTIC",coordination-primer_technique_mod1.mp4,20.1,2.0 мин,/Volumes/Z9/AI_FITNESS_COACH_VIDEOS/exercises/coordination-primer_technique_mod1.mp4,https://ai-fitness-media.r2.cloudflarestorage.com/videos/exercises/coordination-primer_technique_mod1.mp4,False
9,rhythmic-synchronization,Rhythmic Synchronization,Темповая синхронизация,movement_prep,Подготовка к движению,"/Volumes/Z9/материалы для ai fitnes/exercises/GAY BAR- LATIN & WHITE STRIPPER- COCK, SEE THRU, SUPER EROTIC/LATIN-THEATRON BOGOTA/msu-220520-clubtheatronbogota-musclestripperflashingcock.mp4",msu-220520-clubtheatronbogota-musclestripperflashingcock.mp4,"GAY BAR- LATIN & WHITE STRIPPER- COCK, SEE THRU, SUPER EROTIC/LATIN-THEATRON BOGOTA",rhythmic-synchronization_technique_mod1.mp4,19.88,2.0 мин,/Volumes/Z9/AI_FITNESS_COACH_VIDEOS/exercises/rhythmic-synchronization_technique_mod1.mp4,https://ai-fitness-media.r2.cloudflarestorage.com/videos/exercises/rhythmic-synchronization_technique_mod1.mp4,False
10,joint-mobility-sequence,Joint Mobility Sequence,Суставная мобилизация,movement_prep,Подготовка к движению,"/Volumes/Z9/материалы для ai fitnes/exercises/GAY BAR- LATIN & WHITE STRIPPER- COCK, SEE THRU, SUPER EROTIC/0-LATIN CLUB STRIPPERS/MSU-180316-MuscledStrippersDuoWithHardCock.mp4",MSU-180316-MuscledStrippersDuoWithHardCock.mp4,"GAY BAR- LATIN & WHITE STRIPPER- COCK, SEE THRU, SUPER EROTIC/0-LATIN CLUB STRIPPERS",joint-mobility-sequence_technique_mod1.mp4,20.16,2.0 мин,/Volumes/Z9/AI_FITNESS_COACH_VIDEOS/exercises/joint-mobility-sequence_technique_mod1.mp4,https://ai-fitness-media.r2.cloudflarestorage.com/videos/exercises/joint-mobility-sequence_technique_mod1.mp4,False
11,core-connection,Core Connection,Активация кора,movement_prep,Подготовка к движению,"/Volumes/Z9/материалы для ai fitnes/exercises/GAY BAR- LATIN & WHITE STRIPPER- COCK, SEE THRU, SUPER EROTIC/0-LATIN CLUB STRIPPERS/MSU-190812-SafadoCircuitParty-HotGoGoDancerFlashesHardCock.mp4",MSU-190812-SafadoCircuitParty-HotGoGoDancerFlashesHardCock.mp4,"GAY BAR- LATIN & WHITE STRIPPER- COCK, SEE THRU, SUPER EROTIC/0-LATIN CLUB STRIPPERS",core-connection_technique_mod1.mp4,20.18,2.0 мин,/Volumes/Z9/AI_FITNESS_COACH_VIDEOS/exercises/core-connection_technique_mod1.mp4,https://ai-fitness-media.r2.cloudflarestorage.com/videos/exercises/core-connection_technique_mod1.mp4,False
12,movement-integration,Movement Integration,Интеграция движения,movement_prep,Подготовка к движению,"/Volumes/Z9/материалы для ai fitnes/exercises/GAY BAR- LATIN & WHITE STRIPPER- COCK, SEE THRU, SUPER EROTIC/LATIN-CLUB AMERIKA/MSU-161211-AmerikaGoGoDancersInTowelsFlashingHardCock.mp4",MSU-161211-AmerikaGoGoDancersInTowelsFlashingHardCock.mp4,"GAY BAR- LATIN & WHITE STRIPPER- COCK, SEE THRU, SUPER EROTIC/LATIN-CLUB AMERIKA",movement-integration_technique_mod1.mp4,19.79,2.0 мин,/Volumes/Z9/AI_FITNESS_COACH_VIDEOS/exercises/movement-integration_technique_mod1.mp4,https://ai-fitness-media.r2.cloudflarestorage.com/videos/exercises/movement-integration_technique_mod1.mp4,False
13,assessment-squat,Assessment Squat,Приседание с оценкой,fundamental_patterns,Базовые паттерны,"/Volumes/Z9/материалы для ai fitnes/exercises/GAY BAR- LATIN & WHITE STRIPPER- COCK, SEE THRU, SUPER EROTIC/LATIN-PRIVATE PARTY & LAP DANCE/MSU-200212-HunkyUKStripperFabioDarko-FlashingCockWithAudience.mp4",MSU-200212-HunkyUKStripperFabioDarko-FlashingCockWithAudience.mp4,"GAY BAR- LATIN & WHITE STRIPPER- COCK, SEE THRU, SUPER EROTIC/LATIN-PRIVATE PARTY & LAP DANCE",assessment-squat_technique_mod1.mp4,20.26,2.0 мин,/Volumes/Z9/AI_FITNESS_COACH_VIDEOS/exercises/assessment-squat_technique_mod1.mp4,https://ai-fitness-media.r2.cloudflarestorage.com/videos/exercises/assessment-squat_technique_mod1.mp4,False
14,goblet-squat-hold,Goblet Squat Hold,Приседание гоблет,fundamental_patterns,Базовые паттерны,"/Volumes/Z9/материалы для ai fitnes/exercises/GAY BAR- LATIN & WHITE STRIPPER- COCK, SEE THRU, SUPER EROTIC/LATIN-SPARTACUS/msu-220820-tvnudity-spartacus-gaysexscene.mp4",msu-220820-tvnudity-spartacus-gaysexscene.mp4,"GAY BAR- LATIN & WHITE STRIPPER- COCK, SEE THRU, SUPER EROTIC/LATIN-SPARTACUS",goblet-squat-hold_technique_mod1.mp4,20.26,2.0 мин,/Volumes/Z9/AI_FITNESS_COACH_VIDEOS/exercises/goblet-squat-hold_technique_mod1.mp4,https://ai-fitness-media.r2.cloudflarestorage.com/videos/exercises/goblet-squat-hold_technique_mod1.mp4,False
15,single-leg-squat,Single Leg Squat,Приседание на одной ноге,fundamental_patterns,Базовые паттерны,"/Volumes/Z9/материалы для ai fitnes/exercises/GAY BAR- LATIN & WHITE STRIPPER- COCK, SEE THRU, SUPER EROTIC/0-LATIN CLUB STRIPPERS/MSU-100927-StripperWithHiddenHardon.mp4",MSU-100927-StripperWithHiddenHardon.mp4,"GAY BAR- LATIN & WHITE STRIPPER- COCK, SEE THRU, SUPER EROTIC/0-LATIN CLUB STRIPPERS",single-leg-squat_technique_mod1.mp4,20.27,2.0 мин,/Volumes/Z9/AI_FITNESS_COACH_VIDEOS/exercises/single-leg-squat_technique_mod1.mp4,https://ai-fitness-media.r2.cloudflarestorage.com/videos/exercises/single-leg-squat_technique_mod1.mp4,False
16,squat-to-rotation,Squat to Rotation,Приседание с ротацией,fundamental_patterns,Базовые паттерны,/Volumes/Z9/материалы для ai fitnes/exercises/GAY BAR- NON LATIN STRIPPER- BULGE & HALF NAKED/MSU-101115-PeepShow-GoGoDancers-2.mp4,MSU-101115-PeepShow-GoGoDancers-2.mp4,GAY BAR- NON LATIN STRIPPER- BULGE & HALF NAKED,squat-to-rotation_technique_mod1.mp4,20.27,2.0 мин,/Volumes/Z9/AI_FITNESS_COACH_VIDEOS/exercises/squat-to-rotation_technique_mod1.mp4,https://ai-fitness-media.r2.cloudflarestorage.com/videos/exercises/squat-to-rotation_technique_mod1.mp4,False
17,reactive-squat,Reactive Squat,Реактивное приседание,fundamental_patterns,Базовые паттерны,"/Volumes/Z9/материалы для ai fitnes/exercises/GAY BAR- LATIN & WHITE STRIPPER- COCK, SEE THRU, SUPER EROTIC/LATIN-KM ZERO CLUB/MSU-181210-KMZeroClub-HotStripperFlashingHardCock-3.mp4",MSU-181210-KMZeroClub-HotStripperFlashingHardCock-3.mp4,"GAY BAR- LATIN & WHITE STRIPPER- COCK, SEE THRU, SUPER EROTIC/LATIN-KM ZERO CLUB",reactive-squat_technique_mod1.mp4,19.7,2.0 мин,/Volumes/Z9/AI_FITNESS_COACH_VIDEOS/exercises/reactive-squat_technique_mod1.mp4,https://ai-fitness-media.r2.cloudflarestorage.com/videos/exercises/reactive-squat_technique_mod1.mp4,False
18,transition-squat,Transition Squat,Приседание-переход,fundamental_patterns,Базовые паттерны,"/Volumes/Z9/материалы для ai fitnes/exercises/GAY BAR- LATIN & WHITE STRIPPER- COCK, SEE THRU, SUPER EROTIC/LATIN-MUCCASSASSINA/MSU-110302-Muccassassina-BackStageStrippers-1.mp4",MSU-110302-Muccassassina-BackStageStrippers-1.mp4,"GAY BAR- LATIN & WHITE STRIPPER- COCK, SEE THRU, SUPER EROTIC/LATIN-MUCCASSASSINA",transition-squat_technique_mod1.mp4,19.69,2.0 мин,/Volumes/Z9/AI_FITNESS_COACH_VIDEOS/exercises/transition-squat_technique_mod1.mp4,https://ai-fitness-media.r2.cloudflarestorage.com/videos/exercises/transition-squat_technique_mod1.mp4,False
19,breathing-squat,Breathing Squat,Приседание с дыханием,fundamental_patterns,Базовые паттерны,/Volumes/Z9/материалы для ai fitnes/exercises/GAY BAR- LATIN STRIPPER- BULGE & HALF NAKED/MSU-140216-SexyStripperInPinkPants.mp4,MSU-140216-SexyStripperInPinkPants.mp4,GAY BAR- LATIN STRIPPER- BULGE & HALF NAKED,breathing-squat_technique_mod1.mp4,19.68,2.0 мин,/Volumes/Z9/AI_FITNESS_COACH_VIDEOS/exercises/breathing-squat_technique_mod1.mp4,https://ai-fitness-media.r2.cloudflarestorage.com/videos/exercises/breathing-squat_technique_mod1.mp4,False
20,cossack-squat,Cossack Squat,Приседание казак,fundamental_patterns,Базовые паттерны,"/Volumes/Z9/материалы для ai fitnes/exercises/GAY BAR- LATIN & WHITE STRIPPER- COCK, SEE THRU, SUPER EROTIC/SUPERMARTXE/MSU-140209-SuperMartXe-HardGoGoDancer.mp4",MSU-140209-SuperMartXe-HardGoGoDancer.mp4,"GAY BAR- LATIN & WHITE STRIPPER- COCK, SEE THRU, SUPER EROTIC/SUPERMARTXE",cossack-squat_technique_mod1.mp4,20.33,2.0 мин,/Volumes/Z9/AI_FITNESS_COACH_VIDEOS/exercises/cossack-squat_technique_mod1.mp4,https://ai-fitness-media.r2.cloudflarestorage.com/videos/exercises/cossack-squat_technique_mod1.mp4,False
21,quality-push-up,Quality Push-up,Отжимание качественное,fundamental_patterns,Базовые паттерны,"/Volumes/Z9/материалы для ai fitnes/exercises/REAL CAM, NON SCRIPTED, FASHION SHOW/ART & THEATER/MSU-161218-Tidies-TheaterStripping.mp4",MSU-161218-Tidies-TheaterStripping.mp4,"REAL CAM, NON SCRIPTED, FASHION SHOW/ART & THEATER",quality-push-up_technique_mod1.mp4,20.36,2.0 мин,/Volumes/Z9/AI_FITNESS_COACH_VIDEOS/exercises/quality-push-up_technique_mod1.mp4,https://ai-fitness-media.r2.cloudflarestorage.com/videos/exercises/quality-push-up_technique_mod1.mp4,False
22,single-arm-push-up-progression,Single Arm Push-up Progression,Отжимание на одной руке,fundamental_patterns,Базовые паттерны,"/Volumes/Z9/материалы для ai fitnes/exercises/GAY BAR- LATIN & WHITE STRIPPER- COCK, SEE THRU, SUPER EROTIC/LATIN-PRIVATE PARTY & LAP DANCE/msu-200412-hotbrazilianstrippewithaudienceonstage.mp4",msu-200412-hotbrazilianstrippewithaudienceonstage.mp4,"GAY BAR- LATIN & WHITE STRIPPER- COCK, SEE THRU, SUPER EROTIC/LATIN-PRIVATE PARTY & LAP DANCE",single-arm-push-up-progression_technique_mod1.mp4,20.39,2.0 мин,/Volumes/Z9/AI_FITNESS_COACH_VIDEOS/exercises/single-arm-push-up-progression_technique_mod1.mp4,https://ai-fitness-media.r2.cloudflarestorage.com/videos/exercises/single-arm-push-up-progression_technique_mod1.mp4,False
23,multi-planar-push-up,Multi-planar Push-up,Отжимание мультиплоскостное,fundamental_patterns,Базовые паттерны,"/Volumes/Z9/материалы для ai fitnes/exercises/GAY BAR- LATIN & WHITE STRIPPER- COCK, SEE THRU, SUPER EROTIC/LATIN-BOY BAR/MSU-180630-BoyBar-HotGoGoDancers-3.mp4",MSU-180630-BoyBar-HotGoGoDancers-3.mp4,"GAY BAR- LATIN & WHITE STRIPPER- COCK, SEE THRU, SUPER EROTIC/LATIN-BOY BAR",multi-planar-push-up_technique_mod1.mp4,20.4,2.0 мин,/Volumes/Z9/AI_FITNESS_COACH_VIDEOS/exercises/multi-planar-push-up_technique_mod1.mp4,https://ai-fitness-media.r2.cloudflarestorage.com/videos/exercises/multi-planar-push-up_technique_mod1.mp4,False
24,push-up-flow,Push-up Flow,Отжимание-переход,fundamental_patterns,Базовые паттерны,/Volumes/Z9/материалы для ai fitnes/exercises/FILM CUTSCENES/MSU-110316-HommeAuBain-5-AssShaving.mp4,MSU-110316-HommeAuBain-5-AssShaving.mp4,FILM CUTSCENES,push-up-flow_technique_mod1.mp4,19.59,2.0 мин,/Volumes/Z9/AI_FITNESS_COACH_VIDEOS/exercises/push-up-flow_technique_mod1.mp4,https://ai-fitness-media.r2.cloudflarestorage.com/videos/exercises/push-up-flow_technique_mod1.mp4,False
25,pike-push-up,Pike Push-up,Отжимание пике,fundamental_patterns,Базовые паттерны,/Volumes/Z9/материалы для ai fitnes/exercises/BODYBUILDER MIX/MSU-101020-MuscledStudStripsJO-2.mp4,MSU-101020-MuscledStudStripsJO-2.mp4,BODYBUILDER MIX,pike-push-up_technique_mod1.mp4,19.58,2.0 мин,/Volumes/Z9/AI_FITNESS_COACH_VIDEOS/exercises/pike-push-up_technique_mod1.mp4,https://ai-fitness-media.r2.cloudflarestorage.com/videos/exercises/pike-push-up_technique_mod1.mp4,False
26,hindu-push-up,Hindu Push-up,Отжимание хинду,fundamental_patterns,Базовые паттерны,"/Volumes/Z9/материалы для ai fitnes/exercises/GAY BAR- LATIN & WHITE STRIPPER- COCK, SEE THRU, SUPER EROTIC/LATIN-PUBLIC VOVEUR/MSU-140504-HotHungLatinoGoGoDancers-2.mp4",MSU-140504-HotHungLatinoGoGoDancers-2.mp4,"GAY BAR- LATIN & WHITE STRIPPER- COCK, SEE THRU, SUPER EROTIC/LATIN-PUBLIC VOVEUR",hindu-push-up_technique_mod1.mp4,20.46,2.0 мин,/Volumes/Z9/AI_FITNESS_COACH_VIDEOS/exercises/hindu-push-up_technique_mod1.mp4,https://ai-fitness-media.r2.cloudflarestorage.com/videos/exercises/hindu-push-up_technique_mod1.mp4,False
27,archer-push-up,Archer Push-up,Отжимание лучник,fundamental_patterns,Базовые паттерны,"/Volumes/Z9/материалы для ai fitnes/exercises/GAY BAR- LATIN & WHITE STRIPPER- COCK, SEE THRU, SUPER EROTIC/MATINEE PERVERT CIRCUIT PARTY & MILK BATH/MSU-150913-MatineeLasVegasFestival2014-LecheMilkBathDuo.mp4",MSU-150913-MatineeLasVegasFestival2014-LecheMilkBathDuo.mp4,"GAY BAR- LATIN & WHITE STRIPPER- COCK, SEE THRU, SUPER EROTIC/MATINEE PERVERT CIRCUIT PARTY & MILK BATH",archer-push-up_technique_mod1.mp4,19.49,1.9 мин,/Volumes/Z9/AI_FITNESS_COACH_VIDEOS/exercises/archer-push-up_technique_mod1.mp4,https://ai-fitness-media.r2.cloudflarestorage.com/videos/exercises/archer-push-up_technique_mod1.mp4,False
28,breathing-push-up,Breathing Push-up,Отжимание дыхательное,fundamental_patterns,Базовые паттерны,"/Volumes/Z9/материалы для ai fitnes/exercises/GAY BAR- LATIN & WHITE STRIPPER- COCK, SEE THRU, SUPER EROTIC/0-LATIN CLUB STRIPPERS/MSU-100714-HotBuilderStripper.mp4",MSU-100714-HotBuilderStripper.mp4,"GAY BAR- LATIN & WHITE STRIPPER- COCK, SEE THRU, SUPER EROTIC/0-LATIN CLUB STRIPPERS",breathing-push-up_technique_mod1.mp4,20.52,2.1 мин,/Volumes/Z9/AI_FITNESS_COACH_VIDEOS/exercises/breathing-push-up_technique_mod1.mp4,https://ai-fitness-media.r2.cloudflarestorage.com/videos/exercises/breathing-push-up_technique_mod1.mp4,False
29,australian-pull-ups,Australian Pull-ups,Австралийские подтягивания,fundamental_patterns,Базовые паттерны,/Volumes/Z9/материалы для ai fitnes/exercises/GAY BAR- NON LATIN STRIPPER- BULGE & HALF NAKED/MSU-100315-OutdoorPartyStrippers.mp4,MSU-100315-OutdoorPartyStrippers.mp4,GAY BAR- NON LATIN STRIPPER- BULGE & HALF NAKED,australian-pull-ups_technique_mod1.mp4,19.47,1.9 мин,/Volumes/Z9/AI_FITNESS_COACH_VIDEOS/exercises/australian-pull-ups_technique_mod1.mp4,https://ai-fitness-media.r2.cloudflarestorage.com/videos/exercises/australian-pull-ups_technique_mod1.mp4,False
30,prone-pull,Prone Pull,Тяга лежа,fundamental_patterns,Базовые паттерны,"/Volumes/Z9/материалы для ai fitnes/exercises/GAY BAR- LATIN & WHITE STRIPPER- COCK, SEE THRU, SUPER EROTIC/LATIN-RAIDD BAR/MSU-190921-RaiddBarParis-HotShowerStripperFlashingHardCock.mp4",MSU-190921-RaiddBarParis-HotShowerStripperFlashingHardCock.mp4,"GAY BAR- LATIN & WHITE STRIPPER- COCK, SEE THRU, SUPER EROTIC/LATIN-RAIDD BAR",prone-pull_technique_mod1.mp4,19.43,1.9 мин,/Volumes/Z9/AI_FITNESS_COACH_VIDEOS/exercises/prone-pull_technique_mod1.mp4,https://ai-fitness-media.r2.cloudflarestorage.com/videos/exercises/prone-pull_technique_mod1.mp4,False
31,dynamic-superman,Dynamic Superman,Супермен динамический,fundamental_patterns,Базовые паттерны,"/Volumes/Z9/материалы для ai fitnes/exercises/GAY BAR- LATIN & WHITE STRIPPER- COCK, SEE THRU, SUPER EROTIC/UK STRIPPERS/MSU-LoveChildUK-FeaturingBelAmiBoys-8.mp4",MSU-LoveChildUK-FeaturingBelAmiBoys-8.mp4,"GAY BAR- LATIN & WHITE STRIPPER- COCK, SEE THRU, SUPER EROTIC/UK STRIPPERS",dynamic-superman_technique_mod1.mp4,20.58,2.1 мин,/Volumes/Z9/AI_FITNESS_COACH_VIDEOS/exercises/dynamic-superman_technique_mod1.mp4,https://ai-fitness-media.r2.cloudflarestorage.com/videos/exercises/dynamic-superman_technique_mod1.mp4,False
32,scapular-retraction,Scapular Retraction,Ретракция лопаток,fundamental_patterns,Базовые паттерны,/Volumes/Z9/материалы для ai fitnes/exercises/STUDIO- SHARPSHOOTER/MSU-100115-HunkyGymnastStrips-2.mp4,MSU-100115-HunkyGymnastStrips-2.mp4,STUDIO- SHARPSHOOTER,scapular-retraction_technique_mod1.mp4,20.64,2.1 мин,/Volumes/Z9/AI_FITNESS_COACH_VIDEOS/exercises/scapular-retraction_technique_mod1.mp4,https://ai-fitness-media.r2.cloudflarestorage.com/videos/exercises/scapular-retraction_technique_mod1.mp4,False
33,swimming-pattern,Swimming Pattern,Пловец,fundamental_patterns,Базовые паттерны,/Volumes/Z9/материалы для ai fitnes/exercises/STRIPPER PORN- MIX/MSU-100927-BathroomHunkStrip-1.mp4,MSU-100927-BathroomHunkStrip-1.mp4,STRIPPER PORN- MIX,swimming-pattern_technique_mod1.mp4,19.34,1.9 мин,/Volumes/Z9/AI_FITNESS_COACH_VIDEOS/exercises/swimming-pattern_technique_mod1.mp4,https://ai-fitness-media.r2.cloudflarestorage.com/videos/exercises/swimming-pattern_technique_mod1.mp4,False
34,pull-up-progression,Pull-up Progression,Подтягивание прогрессия,fundamental_patterns,Базовые паттерны,"/Volumes/Z9/материалы для ai fitnes/exercises/GAY BAR- LATIN & WHITE STRIPPER- COCK, SEE THRU, SUPER EROTIC/LATIN-PUBLIC VOVEUR/msu-200720-casacupulaparty-gogodancershowsbulge.mp4",msu-200720-casacupulaparty-gogodancershowsbulge.mp4,"GAY BAR- LATIN & WHITE STRIPPER- COCK, SEE THRU, SUPER EROTIC/LATIN-PUBLIC VOVEUR",pull-up-progression_technique_mod1.mp4,20.67,2.1 мин,/Volumes/Z9/AI_FITNESS_COACH_VIDEOS/exercises/pull-up-progression_technique_mod1.mp4,https://ai-fitness-media.r2.cloudflarestorage.com/videos/exercises/pull-up-progression_technique_mod1.mp4,False
35,romanian-deadlift,Romanian Deadlift,Румынская тяга,fundamental_patterns,Базовые паттерны,"/Volumes/Z9/материалы для ai fitnes/exercises/GAY BAR- LATIN & WHITE STRIPPER- COCK, SEE THRU, SUPER EROTIC/SUPERMARTXE/MSU-141010-SuperMartXe-PrivilegeIbiza-HardGoGoDancer.mp4",MSU-141010-SuperMartXe-PrivilegeIbiza-HardGoGoDancer.mp4,"GAY BAR- LATIN & WHITE STRIPPER- COCK, SEE THRU, SUPER EROTIC/SUPERMARTXE",romanian-deadlift_technique_mod1.mp4,19.33,1.9 мин,/Volumes/Z9/AI_FITNESS_COACH_VIDEOS/exercises/romanian-deadlift_technique_mod1.mp4,https://ai-fitness-media.r2.cloudflarestorage.com/videos/exercises/romanian-deadlift_technique_mod1.mp4,False
36,good-morning,Good Morning,Добро утро,fundamental_patterns,Базовые паттерны,"/Volumes/Z9/материалы для ai fitnes/exercises/GAY BAR- LATIN & WHITE STRIPPER- COCK, SEE THRU, SUPER EROTIC/PORN IDOL/MSU-150213-StripIdolsContest.mp4",MSU-150213-StripIdolsContest.mp4,"GAY BAR- LATIN & WHITE STRIPPER- COCK, SEE THRU, SUPER EROTIC/PORN IDOL",good-morning_technique_mod1.mp4,20.74,2.1 мин,/Volumes/Z9/AI_FITNESS_COACH_VIDEOS/exercises/good-morning_technique_mod1.mp4,https://ai-fitness-media.r2.cloudflarestorage.com/videos/exercises/good-morning_technique_mod1.mp4,False
37,hip-bridge-flow,Hip Bridge Flow,Ягодичный мостик,fundamental_patterns,Базовые паттерны,"/Volumes/Z9/материалы для ai fitnes/exercises/GAY BAR- LATIN & WHITE STRIPPER- COCK, SEE THRU, SUPER EROTIC/MATINEE PERVERT CIRCUIT PARTY & MILK BATH/MSU-180621-MatineeLaLecheGoGoDancers-3.mp4",MSU-180621-MatineeLaLecheGoGoDancers-3.mp4,"GAY BAR- LATIN & WHITE STRIPPER- COCK, SEE THRU, SUPER EROTIC/MATINEE PERVERT CIRCUIT PARTY & MILK BATH",hip-bridge-flow_technique_mod1.mp4,19.25,1.9 мин,/Volumes/Z9/AI_FITNESS_COACH_VIDEOS/exercises/hip-bridge-flow_technique_mod1.mp4,https://ai-fitness-media.r2.cloudflarestorage.com/videos/exercises/hip-bridge-flow_technique_mod1.mp4,False
38,table-top-hold,Table Top Hold,Стол,fundamental_patterns,Базовые паттерны,"/Volumes/Z9/материалы для ai fitnes/exercises/GAY BAR- LATIN & WHITE STRIPPER- COCK, SEE THRU, SUPER EROTIC/0-LATIN CLUB STRIPPERS/MSU-180821-HotStripperShowsHardCockOnStage.mp4",MSU-180821-HotStripperShowsHardCockOnStage.mp4,"GAY BAR- LATIN & WHITE STRIPPER- COCK, SEE THRU, SUPER EROTIC/0-LATIN CLUB STRIPPERS",table-top-hold_technique_mod1.mp4,19.22,1.9 мин,/Volumes/Z9/AI_FITNESS_COACH_VIDEOS/exercises/table-top-hold_technique_mod1.mp4,https://ai-fitness-media.r2.cloudflarestorage.com/videos/exercises/table-top-hold_technique_mod1.mp4,False
39,hip-hinge-kick,Hip Hinge Kick,Кик назад,fundamental_patterns,Базовые паттерны,"/Volumes/Z9/материалы для ai fitnes/exercises/GAY BAR- LATIN & WHITE STRIPPER- COCK, SEE THRU, SUPER EROTIC/LATIN-RAIDD BAR/msu-210430-raiddbarparis-showerstripperflashingcock.mp4",msu-210430-raiddbarparis-showerstripperflashingcock.mp4,"GAY BAR- LATIN & WHITE STRIPPER- COCK, SEE THRU, SUPER EROTIC/LATIN-RAIDD BAR",hip-hinge-kick_technique_mod1.mp4,20.81,2.1 мин,/Volumes/Z9/AI_FITNESS_COACH_VIDEOS/exercises/hip-hinge-kick_technique_mod1.mp4,https://ai-fitness-media.r2.cloudflarestorage.com/videos/exercises/hip-hinge-kick_technique_mod1.mp4,False
40,hip-pendulum,Hip Pendulum,Маятник,fundamental_patterns,Базовые паттерны,"/Volumes/Z9/материалы для ai fitnes/exercises/GAY BAR- LATIN & WHITE STRIPPER- COCK, SEE THRU, SUPER EROTIC/0-LATIN CLUB STRIPPERS/msu-230514-festanudesbrasilia-hotlivesexshows-7.mp4",msu-230514-festanudesbrasilia-hotlivesexshows-7.mp4,"GAY BAR- LATIN & WHITE STRIPPER- COCK, SEE THRU, SUPER EROTIC/0-LATIN CLUB STRIPPERS",hip-pendulum_technique_mod1.mp4,20.86,2.1 мин,/Volumes/Z9/AI_FITNESS_COACH_VIDEOS/exercises/hip-pendulum_technique_mod1.mp4,https://ai-fitness-media.r2.cloudflarestorage.com/videos/exercises/hip-pendulum_technique_mod1.mp4,False
41,quality-lunge,Quality Lunge,Выпад качественный,fundamental_patterns,Базовые паттерны,/Volumes/Z9/материалы для ai fitnes/exercises/GAY BAR- NON LATIN STRIPPER- BULGE & HALF NAKED/MSU-160915-WEPartyLaLeche-SexyGoGoDancers.mp4,MSU-160915-WEPartyLaLeche-SexyGoGoDancers.mp4,GAY BAR- NON LATIN STRIPPER- BULGE & HALF NAKED,quality-lunge_technique_mod1.mp4,20.86,2.1 мин,/Volumes/Z9/AI_FITNESS_COACH_VIDEOS/exercises/quality-lunge_technique_mod1.mp4,https://ai-fitness-media.r2.cloudflarestorage.com/videos/exercises/quality-lunge_technique_mod1.mp4,False
42,reverse-lunge,Reverse Lunge,Выпад реверсивный,fundamental_patterns,Базовые паттерны,/Volumes/Z9/материалы для ai fitnes/exercises/GAY BAR- NON LATIN STRIPPER- BULGE & HALF NAKED/msu-210331-hotgogodancersonbartop.mp4,msu-210331-hotgogodancersonbartop.mp4,GAY BAR- NON LATIN STRIPPER- BULGE & HALF NAKED,reverse-lunge_technique_mod1.mp4,19.12,1.9 мин,/Volumes/Z9/AI_FITNESS_COACH_VIDEOS/exercises/reverse-lunge_technique_mod1.mp4,https://ai-fitness-media.r2.cloudflarestorage.com/videos/exercises/reverse-lunge_technique_mod1.mp4,False
43,lateral-lunge,Lateral Lunge,Выпад боковой,fundamental_patterns,Базовые паттерны,/Volumes/Z9/материалы для ai fitnes/exercises/GAY BAR- LATIN STRIPPER- BULGE & HALF NAKED/Club Planet G-Bulge/MSU-131110-PlanetG-SexyFiremanGogoDancer.mp4,MSU-131110-PlanetG-SexyFiremanGogoDancer.mp4,GAY BAR- LATIN STRIPPER- BULGE & HALF NAKED/Club Planet G-Bulge,lateral-lunge_technique_mod1.mp4,19.11,1.9 мин,/Volumes/Z9/AI_FITNESS_COACH_VIDEOS/exercises/lateral-lunge_technique_mod1.mp4,https://ai-fitness-media.r2.cloudflarestorage.com/videos/exercises/lateral-lunge_technique_mod1.mp4,False
44,rotational-lunge,Rotational Lunge,Выпад с ротацией,fundamental_patterns,Базовые паттерны,"/Volumes/Z9/материалы для ai fitnes/exercises/GAY BAR- LATIN & WHITE STRIPPER- COCK, SEE THRU, SUPER EROTIC/LATIN-THEATRON BOGOTA/msu-230110-clubtheatronbogota-musclestripperflashinghardcock-1.mp4",msu-230110-clubtheatronbogota-musclestripperflashinghardcock-1.mp4,"GAY BAR- LATIN & WHITE STRIPPER- COCK, SEE THRU, SUPER EROTIC/LATIN-THEATRON BOGOTA",rotational-lunge_technique_mod1.mp4,20.9,2.1 мин,/Volumes/Z9/AI_FITNESS_COACH_VIDEOS/exercises/rotational-lunge_technique_mod1.mp4,https://ai-fitness-media.r2.cloudflarestorage.com/videos/exercises/rotational-lunge_technique_mod1.mp4,False
45,clock-lunge,Clock Lunge,Выпад часы,fundamental_patterns,Базовые паттерны,"/Volumes/Z9/материалы для ai fitnes/exercises/REAL CAM, NON SCRIPTED, FASHION SHOW/RUNWAY- UNDERWEAR & FASHION SHOW/MSU-130308-UniversalGear-UnderwearFashionShow-2.mp4",MSU-130308-UniversalGear-UnderwearFashionShow-2.mp4,"REAL CAM, NON SCRIPTED, FASHION SHOW/RUNWAY- UNDERWEAR & FASHION SHOW",clock-lunge_technique_mod1.mp4,20.92,2.1 мин,/Volumes/Z9/AI_FITNESS_COACH_VIDEOS/exercises/clock-lunge_technique_mod1.mp4,https://ai-fitness-media.r2.cloudflarestorage.com/videos/exercises/clock-lunge_technique_mod1.mp4,False
46,lunge-flow,Lunge Flow,Выпад-переход,fundamental_patterns,Базовые паттерны,"/Volumes/Z9/материалы для ai fitnes/exercises/REAL CAM, NON SCRIPTED, FASHION SHOW/FRATBOYS/MSU-120601-HotGuyDancingNakedForBuddy.mp4",MSU-120601-HotGuyDancingNakedForBuddy.mp4,"REAL CAM, NON SCRIPTED, FASHION SHOW/FRATBOYS",lunge-flow_technique_mod1.mp4,20.93,2.1 мин,/Volumes/Z9/AI_FITNESS_COACH_VIDEOS/exercises/lunge-flow_technique_mod1.mp4,https://ai-fitness-media.r2.cloudflarestorage.com/videos/exercises/lunge-flow_technique_mod1.mp4,False
47,reaching-lunge,Reaching Lunge,Выпад с досягаемостью,fundamental_patterns,Базовые паттерны,"/Volumes/Z9/материалы для ai fitnes/exercises/GAY BAR- LATIN & WHITE STRIPPER- COCK, SEE THRU, SUPER EROTIC/LATIN-CLUB CHOPERIA/MSU-141031-ClubChoperia-HardGoGoStrippers-5.mp4",MSU-141031-ClubChoperia-HardGoGoStrippers-5.mp4,"GAY BAR- LATIN & WHITE STRIPPER- COCK, SEE THRU, SUPER EROTIC/LATIN-CLUB CHOPERIA",reaching-lunge_technique_mod1.mp4,20.97,2.1 мин,/Volumes/Z9/AI_FITNESS_COACH_VIDEOS/exercises/reaching-lunge_technique_mod1.mp4,https://ai-fitness-media.r2.cloudflarestorage.com/videos/exercises/reaching-lunge_technique_mod1.mp4,False
48,single-arm-carry,Single Arm Carry,Переноска одной рукой,fundamental_patterns,Базовые паттерны,"/Volumes/Z9/материалы для ai fitnes/exercises/GAY BAR- LATIN & WHITE STRIPPER- COCK, SEE THRU, SUPER EROTIC/LATIN-FERVECAO/MSU-181105-MuscledBrazilianStrippersShowHardCocksCompilation.mp4",MSU-181105-MuscledBrazilianStrippersShowHardCocksCompilation.mp4,"GAY BAR- LATIN & WHITE STRIPPER- COCK, SEE THRU, SUPER EROTIC/LATIN-FERVECAO",single-arm-carry_technique_mod1.mp4,21.0,2.1 мин,/Volumes/Z9/AI_FITNESS_COACH_VIDEOS/exercises/single-arm-carry_technique_mod1.mp4,https://ai-fitness-media.r2.cloudflarestorage.com/videos/exercises/single-arm-carry_technique_mod1.mp4,False
49,farmers-walk,Farmer's Walk,Фермерская походка,fundamental_patterns,Базовые паттерны,/Volumes/Z9/материалы для ai fitnes/exercises/GAY BAR- NON LATIN STRIPPER- BULGE & HALF NAKED/MSU-140528-TabooBar-SexyGogoPoleDancers-2.mp4,MSU-140528-TabooBar-SexyGogoPoleDancers-2.mp4,GAY BAR- NON LATIN STRIPPER- BULGE & HALF NAKED,farmers-walk_technique_mod1.mp4,21.01,2.1 мин,/Volumes/Z9/AI_FITNESS_COACH_VIDEOS/exercises/farmers-walk_technique_mod1.mp4,https://ai-fitness-media.r2.cloudflarestorage.com/videos/exercises/farmers-walk_technique_mod1.mp4,False
50,suitcase-carry,Suitcase Carry,Чемоданная походка,fundamental_patterns,Базовые паттерны,/Volumes/Z9/материалы для ai fitnes/exercises/GAY BAR- HUSTLABALL- MIX/msu-210131-hustlaballsexypartycologne-livesexshow-2.mp4,msu-210131-hustlaballsexypartycologne-livesexshow-2.mp4,GAY BAR- HUSTLABALL- MIX,suitcase-carry_technique_mod1.mp4,18.98,1.9 мин,/Volumes/Z9/AI_FITNESS_COACH_VIDEOS/exercises/suitcase-carry_technique_mod1.mp4,https://ai-fitness-media.r2.cloudflarestorage.com/videos/exercises/suitcase-carry_technique_mod1.mp4,False
51,front-loaded-carry,Front Loaded Carry,Передняя переноска,fundamental_patterns,Базовые паттерны,"/Volumes/Z9/материалы для ai fitnes/exercises/GAY BAR- LATIN & WHITE STRIPPER- COCK, SEE THRU, SUPER EROTIC/0-LATIN CLUB STRIPPERS/msu-221030-circuitpartygogodancersflashinghardcock.mp4",msu-221030-circuitpartygogodancersflashinghardcock.mp4,"GAY BAR- LATIN & WHITE STRIPPER- COCK, SEE THRU, SUPER EROTIC/0-LATIN CLUB STRIPPERS",front-loaded-carry_technique_mod1.mp4,18.97,1.9 мин,/Volumes/Z9/AI_FITNESS_COACH_VIDEOS/exercises/front-loaded-carry_technique_mod1.mp4,https://ai-fitness-media.r2.cloudflarestorage.com/videos/exercises/front-loaded-carry_technique_mod1.mp4,False
52,overhead-carry,Overhead Carry,Переноска над головой,fundamental_patterns,Базовые паттерны,/Volumes/Z9/материалы для ai fitnes/exercises/GAY BAR- NON LATIN STRIPPER- BULGE & HALF NAKED/MSU-140406-RussianStr8StripperFullStripWithAudience.mp4,MSU-140406-RussianStr8StripperFullStripWithAudience.mp4,GAY BAR- NON LATIN STRIPPER- BULGE & HALF NAKED,overhead-carry_technique_mod1.mp4,21.06,2.1 мин,/Volumes/Z9/AI_FITNESS_COACH_VIDEOS/exercises/overhead-carry_technique_mod1.mp4,https://ai-fitness-media.r2.cloudflarestorage.com/videos/exercises/overhead-carry_technique_mod1.mp4,False
53,anti-extension,Anti-Extension,Анти-разгибание,fundamental_patterns,Базовые паттерны,"/Volumes/Z9/материалы для ai fitnes/exercises/GAY BAR- LATIN & WHITE STRIPPER- COCK, SEE THRU, SUPER EROTIC/0-LATIN CLUB STRIPPERS/msu-220410-musclestr8strippergettingsuckedbyaudience.mp4",msu-220410-musclestr8strippergettingsuckedbyaudience.mp4,"GAY BAR- LATIN & WHITE STRIPPER- COCK, SEE THRU, SUPER EROTIC/0-LATIN CLUB STRIPPERS",anti-extension_technique_mod1.mp4,18.91,1.9 мин,/Volumes/Z9/AI_FITNESS_COACH_VIDEOS/exercises/anti-extension_technique_mod1.mp4,https://ai-fitness-media.r2.cloudflarestorage.com/videos/exercises/anti-extension_technique_mod1.mp4,False
54,anti-rotation,Anti-Rotation,Анти-ротация,fundamental_patterns,Базовые паттерны,/Volumes/Z9/материалы для ai fitnes/exercises/FILM CUTSCENES/MSU-170608-Utopians-FrontalNudityScenes-3-ApartmentPartyScene.mp4,MSU-170608-Utopians-FrontalNudityScenes-3-ApartmentPartyScene.mp4,FILM CUTSCENES,anti-rotation_technique_mod1.mp4,21.13,2.1 мин,/Volumes/Z9/AI_FITNESS_COACH_VIDEOS/exercises/anti-rotation_technique_mod1.mp4,https://ai-fitness-media.r2.cloudflarestorage.com/videos/exercises/anti-rotation_technique_mod1.mp4,False
55,anti-lateral-flexion,Anti-Lateral Flexion,Анти-флексия,fundamental_patterns,Базовые паттерны,/Volumes/Z9/материалы для ai fitnes/exercises/GAY BAR- LATIN STRIPPER- BULGE & HALF NAKED/MSU-160511-SexyMexicanGoGoStripperBaresAll.mp4,MSU-160511-SexyMexicanGoGoStripperBaresAll.mp4,GAY BAR- LATIN STRIPPER- BULGE & HALF NAKED,anti-lateral-flexion_technique_mod1.mp4,18.86,1.9 мин,/Volumes/Z9/AI_FITNESS_COACH_VIDEOS/exercises/anti-lateral-flexion_technique_mod1.mp4,https://ai-fitness-media.r2.cloudflarestorage.com/videos/exercises/anti-lateral-flexion_technique_mod1.mp4,False
56,anti-flexion,Anti-Flexion,Анти-флексия,fundamental_patterns,Базовые паттерны,/Volumes/Z9/материалы для ai fitnes/exercises/CARTOON & ANIMATION/msu-200831-aureesfm-gayanime-hotgrouporgy-2.mp4,msu-200831-aureesfm-gayanime-hotgrouporgy-2.mp4,CARTOON & ANIMATION,anti-flexion_technique_mod1.mp4,21.15,2.1 мин,/Volumes/Z9/AI_FITNESS_COACH_VIDEOS/exercises/anti-flexion_technique_mod1.mp4,https://ai-fitness-media.r2.cloudflarestorage.com/videos/exercises/anti-flexion_technique_mod1.mp4,False
57,integrated-anti-movement,Integrated Anti-Movement,Интегрированное анти,fundamental_patterns,Базовые паттерны,"/Volumes/Z9/материалы для ai fitnes/exercises/REAL CAM, NON SCRIPTED, FASHION SHOW/DOCUMENTARY/msu-210730-behindthescene-hunkymodelusingpenispump.mp4",msu-210730-behindthescene-hunkymodelusingpenispump.mp4,"REAL CAM, NON SCRIPTED, FASHION SHOW/DOCUMENTARY",integrated-anti-movement_technique_mod1.mp4,18.82,1.9 мин,/Volumes/Z9/AI_FITNESS_COACH_VIDEOS/exercises/integrated-anti-movement_technique_mod1.mp4,https://ai-fitness-media.r2.cloudflarestorage.com/videos/exercises/integrated-anti-movement_technique_mod1.mp4,False
58,jump-squat,Jump Squat,Прыжок в приседе,power_explosive,Мощность и взрывная сила,/Volumes/Z9/материалы для ai fitnes/exercises/SEXY STRIPPER FT MAYCON COLOMBO/MSU-160225-SexyGoGoDancerWithHardOn.mp4,MSU-160225-SexyGoGoDancerWithHardOn.mp4,SEXY STRIPPER FT MAYCON COLOMBO,jump-squat_technique_mod1.mp4,21.18,2.1 мин,/Volumes/Z9/AI_FITNESS_COACH_VIDEOS/exercises/jump-squat_technique_mod1.mp4,https://ai-fitness-media.r2.cloudflarestorage.com/videos/exercises/jump-squat_technique_mod1.mp4,False
59,modern-burpee,Modern Burpee,Берпи современный,power_explosive,Мощность и взрывная сила,/Volumes/Z9/материалы для ai fitnes/exercises/GAY BAR- LATIN STRIPPER- BULGE & HALF NAKED/Club Progresso/MSU-130208-ProgressoClub-MuscledCopStripperOnStage.mp4,MSU-130208-ProgressoClub-MuscledCopStripperOnStage.mp4,GAY BAR- LATIN STRIPPER- BULGE & HALF NAKED/Club Progresso,modern-burpee_technique_mod1.mp4,21.2,2.1 мин,/Volumes/Z9/AI_FITNESS_COACH_VIDEOS/exercises/modern-burpee_technique_mod1.mp4,https://ai-fitness-media.r2.cloudflarestorage.com/videos/exercises/modern-burpee_technique_mod1.mp4,False
60,box-jump-simulation,Box Jump Simulation,Прыжки на ящик,power_explosive,Мощность и взрывная сила,/Volumes/Z9/материалы для ai fitnes/exercises/STRIPPER PORN- MIX/MSU-160502-Maskurbate-PromoVideo-PeepShow.mp4,MSU-160502-Maskurbate-PromoVideo-PeepShow.mp4,STRIPPER PORN- MIX,box-jump-simulation_technique_mod1.mp4,21.21,2.1 мин,/Volumes/Z9/AI_FITNESS_COACH_VIDEOS/exercises/box-jump-simulation_technique_mod1.mp4,https://ai-fitness-media.r2.cloudflarestorage.com/videos/exercises/box-jump-simulation_technique_mod1.mp4,False
61,plyometric-push-up,Plyometric Push-up,Отжимание плиометрическое,power_explosive,Мощность и взрывная сила,/Volumes/Z9/материалы для ai fitnes/exercises/STUDIO- CAN-AM- STRIPPER FANTASY/MSU-101108-StripperFantasy-YoungBlondStripper-2.mp4,MSU-101108-StripperFantasy-YoungBlondStripper-2.mp4,STUDIO- CAN-AM- STRIPPER FANTASY,plyometric-push-up_technique_mod1.mp4,21.27,2.1 мин,/Volumes/Z9/AI_FITNESS_COACH_VIDEOS/exercises/plyometric-push-up_technique_mod1.mp4,https://ai-fitness-media.r2.cloudflarestorage.com/videos/exercises/plyometric-push-up_technique_mod1.mp4,False
62,explosive-mountain-climber,Explosive Mountain Climber,Альпинист взрывной,power_explosive,Мощность и взрывная сила,"/Volumes/Z9/материалы для ai fitnes/exercises/GAY BAR- LATIN & WHITE STRIPPER- COCK, SEE THRU, SUPER EROTIC/LATIN-KM ZERO CLUB/MSU-180415-KMZero-MuscledStripperShowsHardCock-2.mp4",MSU-180415-KMZero-MuscledStripperShowsHardCock-2.mp4,"GAY BAR- LATIN & WHITE STRIPPER- COCK, SEE THRU, SUPER EROTIC/LATIN-KM ZERO CLUB",explosive-mountain-climber_technique_mod1.mp4,21.29,2.1 мин,/Volumes/Z9/AI_FITNESS_COACH_VIDEOS/exercises/explosive-mountain-climber_technique_mod1.mp4,https://ai-fitness-media.r2.cloudflarestorage.com/videos/exercises/explosive-mountain-climber_technique_mod1.mp4,False
63,medicine-ball-slam-simulation,Medicine Ball Slam Simulation,Броски медбола,power_explosive,Мощность и взрывная сила,"/Volumes/Z9/материалы для ai fitnes/exercises/GAY BAR- LATIN & WHITE STRIPPER- COCK, SEE THRU, SUPER EROTIC/LATIN-KM ZERO CLUB/MSU-180422-KMZero-ThreeMuscledStrippersShowHardCocks.mp4",MSU-180422-KMZero-ThreeMuscledStrippersShowHardCocks.mp4,"GAY BAR- LATIN & WHITE STRIPPER- COCK, SEE THRU, SUPER EROTIC/LATIN-KM ZERO CLUB",medicine-ball-slam-simulation_technique_mod1.mp4,18.7,1.9 мин,/Volumes/Z9/AI_FITNESS_COACH_VIDEOS/exercises/medicine-ball-slam-simulation_technique_mod1.mp4,https://ai-fitness-media.r2.cloudflarestorage.com/videos/exercises/medicine-ball-slam-simulation_technique_mod1.mp4,False
64,frog-jumps,Frog Jumps,Прыжки лягушкой,power_explosive,Мощность и взрывная сила,/Volumes/Z9/материалы для ai fitnes/exercises/FILM CUTSCENES/MSU-131124-FreierFall-2-HotSexScene.mp4,MSU-131124-FreierFall-2-HotSexScene.mp4,FILM CUTSCENES,frog-jumps_technique_mod1.mp4,21.32,2.1 мин,/Volumes/Z9/AI_FITNESS_COACH_VIDEOS/exercises/frog-jumps_technique_mod1.mp4,https://ai-fitness-media.r2.cloudflarestorage.com/videos/exercises/frog-jumps_technique_mod1.mp4,False
65,skater-jumps,Skater Jumps,Скейтеры,power_explosive,Мощность и взрывная сила,/Volumes/Z9/материалы для ai fitnes/exercises/GAY BAR- NON LATIN STRIPPER- BULGE & HALF NAKED/MSU-161211-HotGymnastEroticStripper-Show4-YingAsYong.mp4,MSU-161211-HotGymnastEroticStripper-Show4-YingAsYong.mp4,GAY BAR- NON LATIN STRIPPER- BULGE & HALF NAKED,skater-jumps_technique_mod1.mp4,21.33,2.1 мин,/Volumes/Z9/AI_FITNESS_COACH_VIDEOS/exercises/skater-jumps_technique_mod1.mp4,https://ai-fitness-media.r2.cloudflarestorage.com/videos/exercises/skater-jumps_technique_mod1.mp4,False
66,star-jumps,Star Jumps,Прыжки звездой,power_explosive,Мощность и взрывная сила,"/Volumes/Z9/материалы для ai fitnes/exercises/GAY BAR- LATIN & WHITE STRIPPER- COCK, SEE THRU, SUPER EROTIC/LATIN-PUBLIC VOVEUR/MSU-131201-SexyGoGoDancerWithBoner.mp4",MSU-131201-SexyGoGoDancerWithBoner.mp4,"GAY BAR- LATIN & WHITE STRIPPER- COCK, SEE THRU, SUPER EROTIC/LATIN-PUBLIC VOVEUR",star-jumps_technique_mod1.mp4,21.41,2.1 мин,/Volumes/Z9/AI_FITNESS_COACH_VIDEOS/exercises/star-jumps_technique_mod1.mp4,https://ai-fitness-media.r2.cloudflarestorage.com/videos/exercises/star-jumps_technique_mod1.mp4,False
67,scissor-kicks-power,Scissor Kicks Power,Кик ножницы,power_explosive,Мощность и взрывная сила,"/Volumes/Z9/материалы для ai fitnes/exercises/GAY BAR- LATIN & WHITE STRIPPER- COCK, SEE THRU, SUPER EROTIC/CANADIAN STRIP SEARCH/MSU-100517-GreatCanadianStripSearch-09.mp4",MSU-100517-GreatCanadianStripSearch-09.mp4,"GAY BAR- LATIN & WHITE STRIPPER- COCK, SEE THRU, SUPER EROTIC/CANADIAN STRIP SEARCH",scissor-kicks-power_technique_mod1.mp4,21.42,2.1 мин,/Volumes/Z9/AI_FITNESS_COACH_VIDEOS/exercises/scissor-kicks-power_technique_mod1.mp4,https://ai-fitness-media.r2.cloudflarestorage.com/videos/exercises/scissor-kicks-power_technique_mod1.mp4,False
68,plank-clap,Plank Clap,Хлопки в планке,power_explosive,Мощность и взрывная сила,"/Volumes/Z9/материалы для ai fitnes/exercises/GAY BAR- LATIN & WHITE STRIPPER- COCK, SEE THRU, SUPER EROTIC/LATIN-KM ZERO CLUB/MSU-180821-KMZero-HotStripperTakesAllOffOnStage.mp4",MSU-180821-KMZero-HotStripperTakesAllOffOnStage.mp4,"GAY BAR- LATIN & WHITE STRIPPER- COCK, SEE THRU, SUPER EROTIC/LATIN-KM ZERO CLUB",plank-clap_technique_mod1.mp4,21.44,2.1 мин,/Volumes/Z9/AI_FITNESS_COACH_VIDEOS/exercises/plank-clap_technique_mod1.mp4,https://ai-fitness-media.r2.cloudflarestorage.com/videos/exercises/plank-clap_technique_mod1.mp4,False
69,single-leg-hop,Single Leg Hop,Прыжок на одной,power_explosive,Мощность и взрывная сила,/Volumes/Z9/материалы для ai fitnes/exercises/GAY BAR- HUSTLABALL- MIX/MSU-100614-HustlaballLondon2010.mp4,MSU-100614-HustlaballLondon2010.mp4,GAY BAR- HUSTLABALL- MIX,single-leg-hop_technique_mod1.mp4,18.53,1.9 мин,/Volumes/Z9/AI_FITNESS_COACH_VIDEOS/exercises/single-leg-hop_technique_mod1.mp4,https://ai-fitness-media.r2.cloudflarestorage.com/videos/exercises/single-leg-hop_technique_mod1.mp4,False
70,explosive-start,Explosive Start,Взрывной старт,power_explosive,Мощность и взрывная сила,"/Volumes/Z9/материалы для ai fitnes/exercises/GAY BAR- LATIN & WHITE STRIPPER- COCK, SEE THRU, SUPER EROTIC/0-EROTIC NORMAL MIX/msu-200430-hunkystripperslivestripshowinjockstraps-1.mp4",msu-200430-hunkystripperslivestripshowinjockstraps-1.mp4,"GAY BAR- LATIN & WHITE STRIPPER- COCK, SEE THRU, SUPER EROTIC/0-EROTIC NORMAL MIX",explosive-start_technique_mod1.mp4,18.49,1.8 мин,/Volumes/Z9/AI_FITNESS_COACH_VIDEOS/exercises/explosive-start_technique_mod1.mp4,https://ai-fitness-media.r2.cloudflarestorage.com/videos/exercises/explosive-start_technique_mod1.mp4,False
71,reactive-jumps,Reactive Jumps,Реактивные прыжки,power_explosive,Мощность и взрывная сила,"/Volumes/Z9/материалы для ai fitnes/exercises/GAY BAR- LATIN & WHITE STRIPPER- COCK, SEE THRU, SUPER EROTIC/MATINEE PERVERT CIRCUIT PARTY & MILK BATH/MSU-180621-MatineeLaLecheGoGoDancers-2.mp4",MSU-180621-MatineeLaLecheGoGoDancers-2.mp4,"GAY BAR- LATIN & WHITE STRIPPER- COCK, SEE THRU, SUPER EROTIC/MATINEE PERVERT CIRCUIT PARTY & MILK BATH",reactive-jumps_technique_mod1.mp4,21.51,2.2 мин,/Volumes/Z9/AI_FITNESS_COACH_VIDEOS/exercises/reactive-jumps_technique_mod1.mp4,https://ai-fitness-media.r2.cloudflarestorage.com/videos/exercises/reactive-jumps_technique_mod1.mp4,False
72,power-intervals,Power Intervals,Интервальная мощность,power_explosive,Мощность и взрывная сила,/Volumes/Z9/материалы для ai fitnes/exercises/STUDIO- SHARPSHOOTER/MSU-100115-HunkyGymnastStrips-1.mp4,MSU-100115-HunkyGymnastStrips-1.mp4,STUDIO- SHARPSHOOTER,power-intervals_technique_mod1.mp4,18.42,1.8 мин,/Volumes/Z9/AI_FITNESS_COACH_VIDEOS/exercises/power-intervals_technique_mod1.mp4,https://ai-fitness-media.r2.cloudflarestorage.com/videos/exercises/power-intervals_technique_mod1.mp4,False
73,beast-hold,Beast Hold,Зверь базовый,primal_flow,Первичные движения и потоки,"/Volumes/Z9/материалы для ai fitnes/exercises/GAY BAR- LATIN & WHITE STRIPPER- COCK, SEE THRU, SUPER EROTIC/0-HUNG & SEE THRU BULGE/MSU-130830-HotBigBulgeGoGoDancer.mp4",MSU-130830-HotBigBulgeGoGoDancer.mp4,"GAY BAR- LATIN & WHITE STRIPPER- COCK, SEE THRU, SUPER EROTIC/0-HUNG & SEE THRU BULGE",beast-hold_technique_mod1.mp4,21.59,2.2 мин,/Volumes/Z9/AI_FITNESS_COACH_VIDEOS/exercises/beast-hold_technique_mod1.mp4,https://ai-fitness-media.r2.cloudflarestorage.com/videos/exercises/beast-hold_technique_mod1.mp4,False
74,crab-hold,Crab Hold,Краб базовый,primal_flow,Первичные движения и потоки,"/Volumes/Z9/материалы для ai fitnes/exercises/GAY BAR- LATIN & WHITE STRIPPER- COCK, SEE THRU, SUPER EROTIC/CANADIAN STRIP SEARCH/MSU-100512-GreatCanadianStripSearch-06.mp4",MSU-100512-GreatCanadianStripSearch-06.mp4,"GAY BAR- LATIN & WHITE STRIPPER- COCK, SEE THRU, SUPER EROTIC/CANADIAN STRIP SEARCH",crab-hold_technique_mod1.mp4,21.6,2.2 мин,/Volumes/Z9/AI_FITNESS_COACH_VIDEOS/exercises/crab-hold_technique_mod1.mp4,https://ai-fitness-media.r2.cloudflarestorage.com/videos/exercises/crab-hold_technique_mod1.mp4,False
75,lizard-hold,Lizard Hold,Ящерица базовая,primal_flow,Первичные движения и потоки,"/Volumes/Z9/материалы для ai fitnes/exercises/GAY BAR- LATIN & WHITE STRIPPER- COCK, SEE THRU, SUPER EROTIC/0-LATIN CLUB STRIPPERS/MSU-101001-TheFaceOfIbizaStrippers-2.mp4",MSU-101001-TheFaceOfIbizaStrippers-2.mp4,"GAY BAR- LATIN & WHITE STRIPPER- COCK, SEE THRU, SUPER EROTIC/0-LATIN CLUB STRIPPERS",lizard-hold_technique_mod1.mp4,18.37,1.8 мин,/Volumes/Z9/AI_FITNESS_COACH_VIDEOS/exercises/lizard-hold_technique_mod1.mp4,https://ai-fitness-media.r2.cloudflarestorage.com/videos/exercises/lizard-hold_technique_mod1.mp4,False
76,beast-step,Beast Step,Зверь шаг,primal_flow,Первичные движения и потоки,"/Volumes/Z9/материалы для ai fitnes/exercises/REAL CAM, NON SCRIPTED, FASHION SHOW/JERK OFF & CRUISING/MSU-140105-CruisersCummingInPublicPark.mp4",MSU-140105-CruisersCummingInPublicPark.mp4,"REAL CAM, NON SCRIPTED, FASHION SHOW/JERK OFF & CRUISING",beast-step_technique_mod1.mp4,21.63,2.2 мин,/Volumes/Z9/AI_FITNESS_COACH_VIDEOS/exercises/beast-step_technique_mod1.mp4,https://ai-fitness-media.r2.cloudflarestorage.com/videos/exercises/beast-step_technique_mod1.mp4,False
77,crab-walk,Crab Walk,Краб шаг,primal_flow,Первичные движения и потоки,"/Volumes/Z9/материалы для ai fitnes/exercises/GAY BAR- LATIN & WHITE STRIPPER- COCK, SEE THRU, SUPER EROTIC/0-EROTIC SUPER MIX/msu-230210-theblackroom-hotgogodancersstrokinghardcocks.mp4",msu-230210-theblackroom-hotgogodancersstrokinghardcocks.mp4,"GAY BAR- LATIN & WHITE STRIPPER- COCK, SEE THRU, SUPER EROTIC/0-EROTIC SUPER MIX",crab-walk_technique_mod1.mp4,18.35,1.8 мин,/Volumes/Z9/AI_FITNESS_COACH_VIDEOS/exercises/crab-walk_technique_mod1.mp4,https://ai-fitness-media.r2.cloudflarestorage.com/videos/exercises/crab-walk_technique_mod1.mp4,False
78,lizard-crawl,Lizard Crawl,Ящерица ползание,primal_flow,Первичные движения и потоки,/Volumes/Z9/материалы для ai fitnes/exercises/FILM CUTSCENES/MSU-151203-CuatroLunas-FrontalNudityScene.mp4,MSU-151203-CuatroLunas-FrontalNudityScene.mp4,FILM CUTSCENES,lizard-crawl_technique_mod1.mp4,21.66,2.2 мин,/Volumes/Z9/AI_FITNESS_COACH_VIDEOS/exercises/lizard-crawl_technique_mod1.mp4,https://ai-fitness-media.r2.cloudflarestorage.com/videos/exercises/lizard-crawl_technique_mod1.mp4,False
79,bear-crawl,Bear Crawl,Медвежья походка,primal_flow,Первичные движения и потоки,"/Volumes/Z9/материалы для ai fitnes/exercises/GAY BAR- LATIN & WHITE STRIPPER- COCK, SEE THRU, SUPER EROTIC/LATIN-SPARTACUS/msu-230320-spartacusclubmexico-musclestripperflashinghardcock.mp4",msu-230320-spartacusclubmexico-musclestripperflashinghardcock.mp4,"GAY BAR- LATIN & WHITE STRIPPER- COCK, SEE THRU, SUPER EROTIC/LATIN-SPARTACUS",bear-crawl_technique_mod1.mp4,18.33,1.8 мин,/Volumes/Z9/AI_FITNESS_COACH_VIDEOS/exercises/bear-crawl_technique_mod1.mp4,https://ai-fitness-media.r2.cloudflarestorage.com/videos/exercises/bear-crawl_technique_mod1.mp4,False
80,ape-walk,Ape Walk,Обезьяна,primal_flow,Первичные движения и потоки,/Volumes/Z9/материалы для ai fitnes/exercises/GAY BAR- ASIAN MIX/MSU-141031-HotAsianGoGoDancersLiveShow.mp4,MSU-141031-HotAsianGoGoDancersLiveShow.mp4,GAY BAR- ASIAN MIX,ape-walk_technique_mod1.mp4,18.31,1.8 мин,/Volumes/Z9/AI_FITNESS_COACH_VIDEOS/exercises/ape-walk_technique_mod1.mp4,https://ai-fitness-media.r2.cloudflarestorage.com/videos/exercises/ape-walk_technique_mod1.mp4,False
81,beast-to-crab,Beast to Crab,Зверь-краб переход,primal_flow,Первичные движения и потоки,"/Volumes/Z9/материалы для ai fitnes/exercises/GAY BAR- LATIN & WHITE STRIPPER- COCK, SEE THRU, SUPER EROTIC/SUPERMARTXE/MSU-100929-TelAvivGayPride2010-SuperMartXeParty-2.mp4",MSU-100929-TelAvivGayPride2010-SuperMartXeParty-2.mp4,"GAY BAR- LATIN & WHITE STRIPPER- COCK, SEE THRU, SUPER EROTIC/SUPERMARTXE",beast-to-crab_technique_mod1.mp4,21.71,2.2 мин,/Volumes/Z9/AI_FITNESS_COACH_VIDEOS/exercises/beast-to-crab_technique_mod1.mp4,https://ai-fitness-media.r2.cloudflarestorage.com/videos/exercises/beast-to-crab_technique_mod1.mp4,False
82,beast-wave,Beast Wave,Волна зверя,primal_flow,Первичные движения и потоки,/Volumes/Z9/материалы для ai fitnes/exercises/GAY BAR- LATIN STRIPPER- BULGE & HALF NAKED/MSU-130705-TribalClub-SexyGoGoDancerInTightPants-1.mp4,MSU-130705-TribalClub-SexyGoGoDancerInTightPants-1.mp4,GAY BAR- LATIN STRIPPER- BULGE & HALF NAKED,beast-wave_technique_mod1.mp4,21.72,2.2 мин,/Volumes/Z9/AI_FITNESS_COACH_VIDEOS/exercises/beast-wave_technique_mod1.mp4,https://ai-fitness-media.r2.cloudflarestorage.com/videos/exercises/beast-wave_technique_mod1.mp4,False
83,crab-flow,Crab Flow,Поток краба,primal_flow,Первичные движения и потоки,"/Volumes/Z9/материалы для ai fitnes/exercises/GAY BAR- LATIN & WHITE STRIPPER- COCK, SEE THRU, SUPER EROTIC/LATIN-KM ZERO CLUB/MSU-181130-KMZeroClub-CristianFen_Lautaro-FlashingHardCocksOnTheBar-1.mp4",MSU-181130-KMZeroClub-CristianFen_Lautaro-FlashingHardCocksOnTheBar-1.mp4,"GAY BAR- LATIN & WHITE STRIPPER- COCK, SEE THRU, SUPER EROTIC/LATIN-KM ZERO CLUB",crab-flow_technique_mod1.mp4,18.27,1.8 мин,/Volumes/Z9/AI_FITNESS_COACH_VIDEOS/exercises/crab-flow_technique_mod1.mp4,https://ai-fitness-media.r2.cloudflarestorage.com/videos/exercises/crab-flow_technique_mod1.mp4,False
84,scorpion-reach,Scorpion Reach,Скорпион досягаемость,primal_flow,Первичные движения и потоки,"/Volumes/Z9/материалы для ai fitnes/exercises/REAL CAM, NON SCRIPTED, FASHION SHOW/YOUTUBE/MSU-130628-DaveyWavey-HowToBeAGoGoDancerParody.mp4",MSU-130628-DaveyWavey-HowToBeAGoGoDancerParody.mp4,"REAL CAM, NON SCRIPTED, FASHION SHOW/YOUTUBE",scorpion-reach_technique_mod1.mp4,21.73,2.2 мин,/Volumes/Z9/AI_FITNESS_COACH_VIDEOS/exercises/scorpion-reach_technique_mod1.mp4,https://ai-fitness-media.r2.cloudflarestorage.com/videos/exercises/scorpion-reach_technique_mod1.mp4,False
85,beast-roll,Beast Roll,Переворот зверя,primal_flow,Первичные движения и потоки,"/Volumes/Z9/материалы для ai fitnes/exercises/GAY BAR- LATIN & WHITE STRIPPER- COCK, SEE THRU, SUPER EROTIC/SUPERMARTXE/MSU-120314-SuperMartXeHardStripper.mp4",MSU-120314-SuperMartXeHardStripper.mp4,"GAY BAR- LATIN & WHITE STRIPPER- COCK, SEE THRU, SUPER EROTIC/SUPERMARTXE",beast-roll_technique_mod1.mp4,18.24,1.8 мин,/Volumes/Z9/AI_FITNESS_COACH_VIDEOS/exercises/beast-roll_technique_mod1.mp4,https://ai-fitness-media.r2.cloudflarestorage.com/videos/exercises/beast-roll_technique_mod1.mp4,False
86,crab-reach,Crab Reach,Краб досягаемость,primal_flow,Первичные движения и потоки,"/Volumes/Z9/материалы для ai fitnes/exercises/GAY BAR- LATIN & WHITE STRIPPER- COCK, SEE THRU, SUPER EROTIC/LATIN-KM ZERO CLUB/MSU-180108-KMZeroClub-HotMuscledStripperShowsHardCock-1.mp4",MSU-180108-KMZeroClub-HotMuscledStripperShowsHardCock-1.mp4,"GAY BAR- LATIN & WHITE STRIPPER- COCK, SEE THRU, SUPER EROTIC/LATIN-KM ZERO CLUB",crab-reach_technique_mod1.mp4,21.8,2.2 мин,/Volumes/Z9/AI_FITNESS_COACH_VIDEOS/exercises/crab-reach_technique_mod1.mp4,https://ai-fitness-media.r2.cloudflarestorage.com/videos/exercises/crab-reach_technique_mod1.mp4,False
87,ground-to-stand,Ground to Stand,Переход лежа-стоя,primal_flow,Первичные движения и потоки,/Volumes/Z9/материалы для ai fitnes/exercises/FILM CUTSCENES/MSU-100913-AmericanVirgin-MaleStripper.mp4,MSU-100913-AmericanVirgin-MaleStripper.mp4,FILM CUTSCENES,ground-to-stand_technique_mod1.mp4,18.16,1.8 мин,/Volumes/Z9/AI_FITNESS_COACH_VIDEOS/exercises/ground-to-stand_technique_mod1.mp4,https://ai-fitness-media.r2.cloudflarestorage.com/videos/exercises/ground-to-stand_technique_mod1.mp4,False
88,lateral-roll,Lateral Roll,Переворот боковой,primal_flow,Первичные движения и потоки,"/Volumes/Z9/материалы для ai fitnes/exercises/GAY BAR- LATIN & WHITE STRIPPER- COCK, SEE THRU, SUPER EROTIC/LATIN-KM ZERO CLUB/MSU-180331-KMZero-MuscledStripperShowsHardBulge.mp4",MSU-180331-KMZero-MuscledStripperShowsHardBulge.mp4,"GAY BAR- LATIN & WHITE STRIPPER- COCK, SEE THRU, SUPER EROTIC/LATIN-KM ZERO CLUB",lateral-roll_technique_mod1.mp4,21.84,2.2 мин,/Volumes/Z9/AI_FITNESS_COACH_VIDEOS/exercises/lateral-roll_technique_mod1.mp4,https://ai-fitness-media.r2.cloudflarestorage.com/videos/exercises/lateral-roll_technique_mod1.mp4,False
89,log-roll,Log Roll,Каток,primal_flow,Первичные движения и потоки,/Volumes/Z9/материалы для ai fitnes/exercises/STRAIGHT BAR- MAGIC MIKE & ALIKE/MSU-161128-MagicMikeStripperGroup-LadiesNightShow.mp4,MSU-161128-MagicMikeStripperGroup-LadiesNightShow.mp4,STRAIGHT BAR- MAGIC MIKE & ALIKE,log-roll_technique_mod1.mp4,18.15,1.8 мин,/Volumes/Z9/AI_FITNESS_COACH_VIDEOS/exercises/log-roll_technique_mod1.mp4,https://ai-fitness-media.r2.cloudflarestorage.com/videos/exercises/log-roll_technique_mod1.mp4,False
90,rocker,Rocker,Рокер,primal_flow,Первичные движения и потоки,/Volumes/Z9/материалы для ai fitnes/exercises/SEX & JERK OFF SHOW/MSU-190812-HotLiveRimmingSuckingOnStage.mp4,MSU-190812-HotLiveRimmingSuckingOnStage.mp4,SEX & JERK OFF SHOW,rocker_technique_mod1.mp4,18.12,1.8 мин,/Volumes/Z9/AI_FITNESS_COACH_VIDEOS/exercises/rocker_technique_mod1.mp4,https://ai-fitness-media.r2.cloudflarestorage.com/videos/exercises/rocker_technique_mod1.mp4,False
91,animal-flow-sequence,Animal Flow Sequence,Поток животных,primal_flow,Первичные движения и потоки,/Volumes/Z9/материалы для ai fitnes/exercises/STRIPPER PORN- MIX/MSU-100719-UnderwearStudInShower-1.mp4,MSU-100719-UnderwearStudInShower-1.mp4,STRIPPER PORN- MIX,animal-flow-sequence_technique_mod1.mp4,18.12,1.8 мин,/Volumes/Z9/AI_FITNESS_COACH_VIDEOS/exercises/animal-flow-sequence_technique_mod1.mp4,https://ai-fitness-media.r2.cloudflarestorage.com/videos/exercises/animal-flow-sequence_technique_mod1.mp4,False
92,creative-flow,Creative Flow,Креативный поток,primal_flow,Первичные движения и потоки,/Volumes/Z9/материалы для ai fitnes/exercises/STRIPPER PORN- MIX/MSU-110814-LiveFuckingAtRapConcert-2.mp4,MSU-110814-LiveFuckingAtRapConcert-2.mp4,STRIPPER PORN- MIX,creative-flow_technique_mod1.mp4,21.89,2.2 мин,/Volumes/Z9/AI_FITNESS_COACH_VIDEOS/exercises/creative-flow_technique_mod1.mp4,https://ai-fitness-media.r2.cloudflarestorage.com/videos/exercises/creative-flow_technique_mod1.mp4,False
93,breathing-flow,Breathing Flow,Поток с дыханием,primal_flow,Первичные движения и потоки,/Volumes/Z9/материалы для ai fitnes/exercises/STRAIGHT BAR- MAGIC MIKE & ALIKE/MSU-191130-RTL4Channel-LiveTVStripShowWithFullFrontalNudity.mp4,MSU-191130-RTL4Channel-LiveTVStripShowWithFullFrontalNudity.mp4,STRAIGHT BAR- MAGIC MIKE & ALIKE,breathing-flow_technique_mod1.mp4,18.09,1.8 мин,/Volumes/Z9/AI_FITNESS_COACH_VIDEOS/exercises/breathing-flow_technique_mod1.mp4,https://ai-fitness-media.r2.cloudflarestorage.com/videos/exercises/breathing-flow_technique_mod1.mp4,False
94,power-flow,Power Flow,Поток силы,primal_flow,Первичные движения и потоки,"/Volumes/Z9/материалы для ai fitnes/exercises/GAY BAR- LATIN & WHITE STRIPPER- COCK, SEE THRU, SUPER EROTIC/0-LATIN CLUB STRIPPERS/MSU-180415-ClubViccenzaDisco-HotStripperrShowsHardCock.mp4",MSU-180415-ClubViccenzaDisco-HotStripperrShowsHardCock.mp4,"GAY BAR- LATIN & WHITE STRIPPER- COCK, SEE THRU, SUPER EROTIC/0-LATIN CLUB STRIPPERS",power-flow_technique_mod1.mp4,21.93,2.2 мин,/Volumes/Z9/AI_FITNESS_COACH_VIDEOS/exercises/power-flow_technique_mod1.mp4,https://ai-fitness-media.r2.cloudflarestorage.com/videos/exercises/power-flow_technique_mod1.mp4,False
95,recovery-flow,Recovery Flow,Поток восстановления,primal_flow,Первичные движения и потоки,"/Volumes/Z9/материалы для ai fitnes/exercises/GAY BAR- LATIN & WHITE STRIPPER- COCK, SEE THRU, SUPER EROTIC/0-HUNG & SEE THRU BULGE/MSU-160511-PrideAfterPartySexyGoGoDancer-1.mp4",MSU-160511-PrideAfterPartySexyGoGoDancer-1.mp4,"GAY BAR- LATIN & WHITE STRIPPER- COCK, SEE THRU, SUPER EROTIC/0-HUNG & SEE THRU BULGE",recovery-flow_technique_mod1.mp4,21.99,2.2 мин,/Volumes/Z9/AI_FITNESS_COACH_VIDEOS/exercises/recovery-flow_technique_mod1.mp4,https://ai-fitness-media.r2.cloudflarestorage.com/videos/exercises/recovery-flow_technique_mod1.mp4,False
96,morning-flow,Morning Flow,Утренний поток,primal_flow,Первичные движения и потоки,"/Volumes/Z9/материалы для ai fitnes/exercises/GAY BAR- LATIN & WHITE STRIPPER- COCK, SEE THRU, SUPER EROTIC/CIRCUIT FESTIVALS/MSU-171023-CircuitFestivals-HardGoGoDancers-3.mp4",MSU-171023-CircuitFestivals-HardGoGoDancers-3.mp4,"GAY BAR- LATIN & WHITE STRIPPER- COCK, SEE THRU, SUPER EROTIC/CIRCUIT FESTIVALS",morning-flow_technique_mod1.mp4,18.01,1.8 мин,/Volumes/Z9/AI_FITNESS_COACH_VIDEOS/exercises/morning-flow_technique_mod1.mp4,https://ai-fitness-media.r2.cloudflarestorage.com/videos/exercises/morning-flow_technique_mod1.mp4,False
97,evening-flow,Evening Flow,Вечерний поток,primal_flow,Первичные движения и потоки,/Volumes/Z9/материалы для ai fitnes/exercises/GAY BAR- STOCKBAR- MIX/MSU-181220-HotPoleDancerJOOnStageAtStripClub.mp4,MSU-181220-HotPoleDancerJOOnStageAtStripClub.mp4,GAY BAR- STOCKBAR- MIX,evening-flow_technique_mod1.mp4,21.99,2.2 мин,/Volumes/Z9/AI_FITNESS_COACH_VIDEOS/exercises/evening-flow_technique_mod1.mp4,https://ai-fitness-media.r2.cloudflarestorage.com/videos/exercises/evening-flow_technique_mod1.mp4,False
98,posture-reset,Posture Reset,Коррекция осанки,corrective_therapeutic,Коррекция и терапия,/Volumes/Z9/материалы для ai fitnes/exercises/BODYBUILDER MIX/MSU-101022-MuscledStudStripsJO-3.mp4,MSU-101022-MuscledStudStripsJO-3.mp4,BODYBUILDER MIX,posture-reset_technique_mod1.mp4,17.93,1.8 мин,/Volumes/Z9/AI_FITNESS_COACH_VIDEOS/exercises/posture-reset_technique_mod1.mp4,https://ai-fitness-media.r2.cloudflarestorage.com/videos/exercises/posture-reset_technique_mod1.mp4,False
99,thoracic-mobility,Thoracic Mobility,Мобилизация грудного отдела,corrective_therapeutic,Коррекция и терапия,"/Volumes/Z9/материалы для ai fitnes/exercises/GAY BAR- LATIN & WHITE STRIPPER- COCK, SEE THRU, SUPER EROTIC/0-LATIN CLUB STRIPPERS/msu-230210-sexystripperflashinghardcockwithaudience.mp4",msu-230210-sexystripperflashinghardcockwithaudience.mp4,"GAY BAR- LATIN & WHITE STRIPPER- COCK, SEE THRU, SUPER EROTIC/0-LATIN CLUB STRIPPERS",thoracic-mobility_technique_mod1.mp4,17.93,1.8 мин,/Volumes/Z9/AI_FITNESS_COACH_VIDEOS/exercises/thoracic-mobility_technique_mod1.mp4,https://ai-fitness-media.r2.cloudflarestorage.com/videos/exercises/thoracic-mobility_technique_mod1.mp4,False
100,neck-correction,Neck Correction,Коррекция шеи,corrective_therapeutic,Коррекция и терапия,"/Volumes/Z9/материалы для ai fitnes/exercises/GAY BAR- LATIN & WHITE STRIPPER- COCK, SEE THRU, SUPER EROTIC/0-LATIN CLUB STRIPPERS/MSU-160421-GoGoDancersWithHardCocksInTowels.mp4",MSU-160421-GoGoDancersWithHardCocksInTowels.mp4,"GAY BAR- LATIN & WHITE STRIPPER- COCK, SEE THRU, SUPER EROTIC/0-LATIN CLUB STRIPPERS",neck-correction_technique_mod1.mp4,17.92,1.8 мин,/Volumes/Z9/AI_FITNESS_COACH_VIDEOS/exercises/neck-correction_technique_mod1.mp4,https://ai-fitness-media.r2.cloudflarestorage.com/videos/exercises/neck-correction_technique_mod1.mp4,False
101,deep-core-activation,Deep Core Activation,Активация глубоких мышц,corrective_therapeutic,Коррекция и терапия,"/Volumes/Z9/материалы для ai fitnes/exercises/GAY BAR- LATIN & WHITE STRIPPER- COCK, SEE THRU, SUPER EROTIC/0-LATIN CLUB STRIPPERS/MSU-110603-GogoStripper-FabioBaresAll.mp4",MSU-110603-GogoStripper-FabioBaresAll.mp4,"GAY BAR- LATIN & WHITE STRIPPER- COCK, SEE THRU, SUPER EROTIC/0-LATIN CLUB STRIPPERS",deep-core-activation_technique_mod1.mp4,17.91,1.8 мин,/Volumes/Z9/AI_FITNESS_COACH_VIDEOS/exercises/deep-core-activation_technique_mod1.mp4,https://ai-fitness-media.r2.cloudflarestorage.com/videos/exercises/deep-core-activation_technique_mod1.mp4,False
102,pelvic-correction,Pelvic Correction,Коррекция таза,corrective_therapeutic,Коррекция и терапия,/Volumes/Z9/материалы для ai fitnes/exercises/GAY BAR- NON LATIN STRIPPER- BULGE & HALF NAKED/MSU-170327-BounceClub-HotGoGoDancers-2.mp4,MSU-170327-BounceClub-HotGoGoDancers-2.mp4,GAY BAR- NON LATIN STRIPPER- BULGE & HALF NAKED,pelvic-correction_technique_mod1.mp4,22.11,2.2 мин,/Volumes/Z9/AI_FITNESS_COACH_VIDEOS/exercises/pelvic-correction_technique_mod1.mp4,https://ai-fitness-media.r2.cloudflarestorage.com/videos/exercises/pelvic-correction_technique_mod1.mp4,False
103,shoulder-mobility-complex,Shoulder Mobility Complex,Мобилизация плеч,corrective_therapeutic,Коррекция и терапия,/Volumes/Z9/материалы для ai fitnes/exercises/GAY BAR- LATIN STRIPPER- BULGE & HALF NAKED/MSU-131110-BrazilianGogoBoys-TakingAShower.mp4,MSU-131110-BrazilianGogoBoys-TakingAShower.mp4,GAY BAR- LATIN STRIPPER- BULGE & HALF NAKED,shoulder-mobility-complex_technique_mod1.mp4,22.14,2.2 мин,/Volumes/Z9/AI_FITNESS_COACH_VIDEOS/exercises/shoulder-mobility-complex_technique_mod1.mp4,https://ai-fitness-media.r2.cloudflarestorage.com/videos/exercises/shoulder-mobility-complex_technique_mod1.mp4,False
104,hip-mobility-flow,Hip Mobility Flow,Мобилизация бедер,corrective_therapeutic,Коррекция и терапия,"/Volumes/Z9/материалы для ai fitnes/exercises/GAY BAR- LATIN & WHITE STRIPPER- COCK, SEE THRU, SUPER EROTIC/LATIN-PRIVATE PARTY & LAP DANCE/MSU-130405-HotSailorStripperWithThickCockBaresAll.mp4",MSU-130405-HotSailorStripperWithThickCockBaresAll.mp4,"GAY BAR- LATIN & WHITE STRIPPER- COCK, SEE THRU, SUPER EROTIC/LATIN-PRIVATE PARTY & LAP DANCE",hip-mobility-flow_technique_mod1.mp4,17.8,1.8 мин,/Volumes/Z9/AI_FITNESS_COACH_VIDEOS/exercises/hip-mobility-flow_technique_mod1.mp4,https://ai-fitness-media.r2.cloudflarestorage.com/videos/exercises/hip-mobility-flow_technique_mod1.mp4,False
105,ankle-mobility,Ankle Mobility,Мобилизация голеностопа,corrective_therapeutic,Коррекция и терапия,"/Volumes/Z9/материалы для ai fitnes/exercises/GAY BAR- LATIN & WHITE STRIPPER- COCK, SEE THRU, SUPER EROTIC/0-LATIN CLUB STRIPPERS/msu-210510-muscledstripperinundiesflashinghardcock.mp4",msu-210510-muscledstripperinundiesflashinghardcock.mp4,"GAY BAR- LATIN & WHITE STRIPPER- COCK, SEE THRU, SUPER EROTIC/0-LATIN CLUB STRIPPERS",ankle-mobility_technique_mod1.mp4,17.79,1.8 мин,/Volumes/Z9/AI_FITNESS_COACH_VIDEOS/exercises/ankle-mobility_technique_mod1.mp4,https://ai-fitness-media.r2.cloudflarestorage.com/videos/exercises/ankle-mobility_technique_mod1.mp4,False
106,spiral-mobility,Spiral Mobility,Спиральная мобилизация,corrective_therapeutic,Коррекция и терапия,/Volumes/Z9/материалы для ai fitnes/exercises/FILM CUTSCENES/MSU-131117-AmoreEImperfetto-PrivatStripTease.mp4,MSU-131117-AmoreEImperfetto-PrivatStripTease.mp4,FILM CUTSCENES,spiral-mobility_technique_mod1.mp4,22.22,2.2 мин,/Volumes/Z9/AI_FITNESS_COACH_VIDEOS/exercises/spiral-mobility_technique_mod1.mp4,https://ai-fitness-media.r2.cloudflarestorage.com/videos/exercises/spiral-mobility_technique_mod1.mp4,False
107,core-stability-progressive,Core Stability Progressive,Стабилизация кора,corrective_therapeutic,Коррекция и терапия,/Volumes/Z9/материалы для ai fitnes/exercises/GAY BAR- ASIAN MIX/MSU-120215-JapaneseGuyWanksInPublicToilet.mp4,MSU-120215-JapaneseGuyWanksInPublicToilet.mp4,GAY BAR- ASIAN MIX,core-stability-progressive_technique_mod1.mp4,17.72,1.8 мин,/Volumes/Z9/AI_FITNESS_COACH_VIDEOS/exercises/core-stability-progressive_technique_mod1.mp4,https://ai-fitness-media.r2.cloudflarestorage.com/videos/exercises/core-stability-progressive_technique_mod1.mp4,False
108,shoulder-stability,Shoulder Stability,Стабилизация плеч,corrective_therapeutic,Коррекция и терапия,"/Volumes/Z9/материалы для ai fitnes/exercises/GAY BAR- LATIN & WHITE STRIPPER- COCK, SEE THRU, SUPER EROTIC/STRIPPER-SUKI LEE & HUNG BLACK BOYS/MSU-140709-HornyHardLatinoCockExposed.mp4",MSU-140709-HornyHardLatinoCockExposed.mp4,"GAY BAR- LATIN & WHITE STRIPPER- COCK, SEE THRU, SUPER EROTIC/STRIPPER-SUKI LEE & HUNG BLACK BOYS",shoulder-stability_technique_mod1.mp4,17.69,1.8 мин,/Volumes/Z9/AI_FITNESS_COACH_VIDEOS/exercises/shoulder-stability_technique_mod1.mp4,https://ai-fitness-media.r2.cloudflarestorage.com/videos/exercises/shoulder-stability_technique_mod1.mp4,False
109,proprioceptive-training,Proprioceptive Training,Проприоцепция,corrective_therapeutic,Коррекция и терапия,"/Volumes/Z9/материалы для ai fitnes/exercises/GAY BAR- LATIN & WHITE STRIPPER- COCK, SEE THRU, SUPER EROTIC/CANADIAN STRIP SEARCH/MSU-100507-GreatCanadianStripSearch-02.mp4",MSU-100507-GreatCanadianStripSearch-02.mp4,"GAY BAR- LATIN & WHITE STRIPPER- COCK, SEE THRU, SUPER EROTIC/CANADIAN STRIP SEARCH",proprioceptive-training_technique_mod1.mp4,22.32,2.2 мин,/Volumes/Z9/AI_FITNESS_COACH_VIDEOS/exercises/proprioceptive-training_technique_mod1.mp4,https://ai-fitness-media.r2.cloudflarestorage.com/videos/exercises/proprioceptive-training_technique_mod1.mp4,False
110,single-leg-balance,Single Leg Balance,Баланс одной ноги,corrective_therapeutic,Коррекция и терапия,"/Volumes/Z9/материалы для ai fitnes/exercises/GAY BAR- LATIN & WHITE STRIPPER- COCK, SEE THRU, SUPER EROTIC/LATIN-THEATRON BOGOTA/msu-221210-clubtheatronbogota-musclestripperflashinghardcock-4.mp4",msu-221210-clubtheatronbogota-musclestripperflashinghardcock-4.mp4,"GAY BAR- LATIN & WHITE STRIPPER- COCK, SEE THRU, SUPER EROTIC/LATIN-THEATRON BOGOTA",single-leg-balance_technique_mod1.mp4,17.66,1.8 мин,/Volumes/Z9/AI_FITNESS_COACH_VIDEOS/exercises/single-leg-balance_technique_mod1.mp4,https://ai-fitness-media.r2.cloudflarestorage.com/videos/exercises/single-leg-balance_technique_mod1.mp4,False
111,squat-quality-assessment,Squat Quality Assessment,Качество приседания,corrective_therapeutic,Коррекция и терапия,"/Volumes/Z9/материалы для ai fitnes/exercises/GAY BAR- LATIN & WHITE STRIPPER- COCK, SEE THRU, SUPER EROTIC/LATIN-SPARTACUS/MSU-140202-MexicanStripperWithFullHardon.mp4",MSU-140202-MexicanStripperWithFullHardon.mp4,"GAY BAR- LATIN & WHITE STRIPPER- COCK, SEE THRU, SUPER EROTIC/LATIN-SPARTACUS",squat-quality-assessment_technique_mod1.mp4,17.65,1.8 мин,/Volumes/Z9/AI_FITNESS_COACH_VIDEOS/exercises/squat-quality-assessment_technique_mod1.mp4,https://ai-fitness-media.r2.cloudflarestorage.com/videos/exercises/squat-quality-assessment_technique_mod1.mp4,False
112,gait-quality,Gait Quality,Качество шага,corrective_therapeutic,Коррекция и терапия,/Volumes/Z9/материалы для ai fitnes/exercises/GAY BAR- LATIN STRIPPER- BULGE & HALF NAKED/Club Danger-Bulge/MSU-130517-DangerDanceClub-GogoStrippersTrio.mp4,MSU-130517-DangerDanceClub-GogoStrippersTrio.mp4,GAY BAR- LATIN STRIPPER- BULGE & HALF NAKED/Club Danger-Bulge,gait-quality_technique_mod1.mp4,22.36,2.2 мин,/Volumes/Z9/AI_FITNESS_COACH_VIDEOS/exercises/gait-quality_technique_mod1.mp4,https://ai-fitness-media.r2.cloudflarestorage.com/videos/exercises/gait-quality_technique_mod1.mp4,False
113,movement-symmetry,Movement Symmetry,Симметрия движения,corrective_therapeutic,Коррекция и терапия,"/Volumes/Z9/материалы для ai fitnes/exercises/GAY BAR- LATIN & WHITE STRIPPER- COCK, SEE THRU, SUPER EROTIC/LATIN-MUCCASSASSINA/MSU-110302-Muccassassina-BackStageStrippers-2.mp4",MSU-110302-Muccassassina-BackStageStrippers-2.mp4,"GAY BAR- LATIN & WHITE STRIPPER- COCK, SEE THRU, SUPER EROTIC/LATIN-MUCCASSASSINA",movement-symmetry_technique_mod1.mp4,17.6,1.8 мин,/Volumes/Z9/AI_FITNESS_COACH_VIDEOS/exercises/movement-symmetry_technique_mod1.mp4,https://ai-fitness-media.r2.cloudflarestorage.com/videos/exercises/movement-symmetry_technique_mod1.mp4,False
114,movement-integration,Movement Integration,Интеграция движения,corrective_therapeutic,Коррекция и терапия,/Volumes/Z9/материалы для ai fitnes/exercises/GAY BAR- NON LATIN STRIPPER- BULGE & HALF NAKED/MSU-130628-TheWeek-SexyGoGoDancers.mp4,MSU-130628-TheWeek-SexyGoGoDancers.mp4,GAY BAR- NON LATIN STRIPPER- BULGE & HALF NAKED,movement-integration_technique_mod1.mp4,17.59,1.8 мин,/Volumes/Z9/AI_FITNESS_COACH_VIDEOS/exercises/movement-integration_technique_mod1.mp4,https://ai-fitness-media.r2.cloudflarestorage.com/videos/exercises/movement-integration_technique_mod1.mp4,False
115,recovery-protocol,Recovery Protocol,Протокол восстановления,corrective_therapeutic,Коррекция и терапия,"/Volumes/Z9/материалы для ai fitnes/exercises/GAY BAR- LATIN & WHITE STRIPPER- COCK, SEE THRU, SUPER EROTIC/0-LATIN CLUB STRIPPERS/MSU-191209-HotNakedGoGoDancersOnTheBar.mp4",MSU-191209-HotNakedGoGoDancersOnTheBar.mp4,"GAY BAR- LATIN & WHITE STRIPPER- COCK, SEE THRU, SUPER EROTIC/0-LATIN CLUB STRIPPERS",recovery-protocol_technique_mod1.mp4,22.42,2.2 мин,/Volumes/Z9/AI_FITNESS_COACH_VIDEOS/exercises/recovery-protocol_technique_mod1.mp4,https://ai-fitness-media.r2.cloudflarestorage.com/videos/exercises/recovery-protocol_technique_mod1.mp4,False
116,self-myofascial-release,Self-Myofascial Release,Миофасциальный релиз,corrective_therapeutic,Коррекция и терапия,"/Volumes/Z9/материалы для ai fitnes/exercises/GAY BAR- LATIN & WHITE STRIPPER- COCK, SEE THRU, SUPER EROTIC/LATIN-GENETIC MAJESTIC/MSU-170312-GeneticMajesticClub-HotGoGoDancersCompilation.mp4",MSU-170312-GeneticMajesticClub-HotGoGoDancersCompilation.mp4,"GAY BAR- LATIN & WHITE STRIPPER- COCK, SEE THRU, SUPER EROTIC/LATIN-GENETIC MAJESTIC",self-myofascial-release_technique_mod1.mp4,17.58,1.8 мин,/Volumes/Z9/AI_FITNESS_COACH_VIDEOS/exercises/self-myofascial-release_technique_mod1.mp4,https://ai-fitness-media.r2.cloudflarestorage.com/videos/exercises/self-myofascial-release_technique_mod1.mp4,False
117,neuromuscular-relaxation,Neuromuscular Relaxation,Нейромышечное расслабление,corrective_therapeutic,Коррекция и терапия,"/Volumes/Z9/материалы для ai fitnes/exercises/GAY BAR- LATIN & WHITE STRIPPER- COCK, SEE THRU, SUPER EROTIC/LATIN-GENETIC MAJESTIC/MSU-190630-GeneticMajesticClub-MuscledGoGoDancersInTowels.mp4",MSU-190630-GeneticMajesticClub-MuscledGoGoDancersInTowels.mp4,"GAY BAR- LATIN & WHITE STRIPPER- COCK, SEE THRU, SUPER EROTIC/LATIN-GENETIC MAJESTIC",neuromuscular-relaxation_technique_mod1.mp4,17.56,1.8 мин,/Volumes/Z9/AI_FITNESS_COACH_VIDEOS/exercises/neuromuscular-relaxation_technique_mod1.mp4,https://ai-fitness-media.r2.cloudflarestorage.com/videos/exercises/neuromuscular-relaxation_technique_mod1.mp4,False
118,mindful-breathing,Mindful Breathing,Осознанное дыхание,mindful_movement,Осознанное движение,/Volumes/Z9/материалы для ai fitnes/exercises/STRIPPER PORN- MIX/MSU-100719-UnderwearStudInShower-2.mp4,MSU-100719-UnderwearStudInShower-2.mp4,STRIPPER PORN- MIX,mindful-breathing_technique_mod1.mp4,17.56,1.8 мин,/Volumes/Z9/AI_FITNESS_COACH_VIDEOS/exercises/mindful-breathing_technique_mod1.mp4,https://ai-fitness-media.r2.cloudflarestorage.com/videos/exercises/mindful-breathing_technique_mod1.mp4,False
119,moving-meditation,Moving Meditation,Медитация в движении,mindful_movement,Осознанное движение,"/Volumes/Z9/материалы для ai fitnes/exercises/GAY BAR- LATIN & WHITE STRIPPER- COCK, SEE THRU, SUPER EROTIC/LATIN-GENETIC MAJESTIC/MSU-180903-GeneticMajesticClub-HornyStripperDuoWithHardCocks.mp4",MSU-180903-GeneticMajesticClub-HornyStripperDuoWithHardCocks.mp4,"GAY BAR- LATIN & WHITE STRIPPER- COCK, SEE THRU, SUPER EROTIC/LATIN-GENETIC MAJESTIC",moving-meditation_technique_mod1.mp4,22.46,2.2 мин,/Volumes/Z9/AI_FITNESS_COACH_VIDEOS/exercises/moving-meditation_technique_mod1.mp4,https://ai-fitness-media.r2.cloudflarestorage.com/videos/exercises/moving-meditation_technique_mod1.mp4,False
120,body-scan-movement,Body Scan Movement,Сканирование тела,mindful_movement,Осознанное движение,"/Volumes/Z9/материалы для ai fitnes/exercises/REAL CAM, NON SCRIPTED, FASHION SHOW/SUBWAY/MSU-170414-TarzanOnSubwayPhotoShoot.mp4",MSU-170414-TarzanOnSubwayPhotoShoot.mp4,"REAL CAM, NON SCRIPTED, FASHION SHOW/SUBWAY",body-scan-movement_technique_mod1.mp4,22.46,2.2 мин,/Volumes/Z9/AI_FITNESS_COACH_VIDEOS/exercises/body-scan-movement_technique_mod1.mp4,https://ai-fitness-media.r2.cloudflarestorage.com/videos/exercises/body-scan-movement_technique_mod1.mp4,False
121,box-breathing-flow,Box Breathing Flow,Дыхание квадрат,mindful_movement,Осознанное движение,"/Volumes/Z9/материалы для ai fitnes/exercises/GAY BAR- LATIN & WHITE STRIPPER- COCK, SEE THRU, SUPER EROTIC/LATIN-MUCCASSASSINA/MSU-170509-RedPartyMuccassassina-HotGoGoDancers.mp4",MSU-170509-RedPartyMuccassassina-HotGoGoDancers.mp4,"GAY BAR- LATIN & WHITE STRIPPER- COCK, SEE THRU, SUPER EROTIC/LATIN-MUCCASSASSINA",box-breathing-flow_technique_mod1.mp4,17.53,1.8 мин,/Volumes/Z9/AI_FITNESS_COACH_VIDEOS/exercises/box-breathing-flow_technique_mod1.mp4,https://ai-fitness-media.r2.cloudflarestorage.com/videos/exercises/box-breathing-flow_technique_mod1.mp4,False
122,grounding-practice,Grounding Practice,Заземление,mindful_movement,Осознанное движение,"/Volumes/Z9/материалы для ai fitnes/exercises/GAY BAR- LATIN & WHITE STRIPPER- COCK, SEE THRU, SUPER EROTIC/0-HUNG & SEE THRU BULGE/MSU-161018-CastroStreetFair-SexyGoGoDancers.mp4",MSU-161018-CastroStreetFair-SexyGoGoDancers.mp4,"GAY BAR- LATIN & WHITE STRIPPER- COCK, SEE THRU, SUPER EROTIC/0-HUNG & SEE THRU BULGE",grounding-practice_technique_mod1.mp4,22.5,2.3 мин,/Volumes/Z9/AI_FITNESS_COACH_VIDEOS/exercises/grounding-practice_technique_mod1.mp4,https://ai-fitness-media.r2.cloudflarestorage.com/videos/exercises/grounding-practice_technique_mod1.mp4,False
123,energizing-breath,Energizing Breath,Энергетическое дыхание,mindful_movement,Осознанное движение,"/Volumes/Z9/материалы для ai fitnes/exercises/GAY BAR- LATIN & WHITE STRIPPER- COCK, SEE THRU, SUPER EROTIC/LATIN-FERVECAO/MSU-141121-Fervecao-SexyHardGogoStrippers-4.mp4",MSU-141121-Fervecao-SexyHardGogoStrippers-4.mp4,"GAY BAR- LATIN & WHITE STRIPPER- COCK, SEE THRU, SUPER EROTIC/LATIN-FERVECAO",energizing-breath_technique_mod1.mp4,17.49,1.7 мин,/Volumes/Z9/AI_FITNESS_COACH_VIDEOS/exercises/energizing-breath_technique_mod1.mp4,https://ai-fitness-media.r2.cloudflarestorage.com/videos/exercises/energizing-breath_technique_mod1.mp4,False
124,calming-movements,Calming Movements,Успокаивающие движения,mindful_movement,Осознанное движение,"/Volumes/Z9/материалы для ai fitnes/exercises/GAY BAR- LATIN & WHITE STRIPPER- COCK, SEE THRU, SUPER EROTIC/LATIN-PRIVATE PARTY & LAP DANCE/msu-210301-erotikafair-hotstr8stripperliveonstage.mp4",msu-210301-erotikafair-hotstr8stripperliveonstage.mp4,"GAY BAR- LATIN & WHITE STRIPPER- COCK, SEE THRU, SUPER EROTIC/LATIN-PRIVATE PARTY & LAP DANCE",calming-movements_technique_mod1.mp4,17.42,1.7 мин,/Volumes/Z9/AI_FITNESS_COACH_VIDEOS/exercises/calming-movements_technique_mod1.mp4,https://ai-fitness-media.r2.cloudflarestorage.com/videos/exercises/calming-movements_technique_mod1.mp4,False
125,intuitive-movement,Intuitive Movement,Интуитивное движение,mindful_movement,Осознанное движение,/Volumes/Z9/материалы для ai fitnes/exercises/STUDIO- SHARPSHOOTER/MSU-100113-MuscleWorship-NudePosing.mp4,MSU-100113-MuscleWorship-NudePosing.mp4,STUDIO- SHARPSHOOTER,intuitive-movement_technique_mod1.mp4,17.41,1.7 мин,/Volumes/Z9/AI_FITNESS_COACH_VIDEOS/exercises/intuitive-movement_technique_mod1.mp4,https://ai-fitness-media.r2.cloudflarestorage.com/videos/exercises/intuitive-movement_technique_mod1.mp4,False
126,body-gratitude,Body Gratitude,Благодарность телу,mindful_movement,Осознанное движение,/Volumes/Z9/материалы для ai fitnes/exercises/GAY BAR- NON LATIN STRIPPER- BULGE & HALF NAKED/MSU-160813-HunkyNakedChefsOnStage.mp4,MSU-160813-HunkyNakedChefsOnStage.mp4,GAY BAR- NON LATIN STRIPPER- BULGE & HALF NAKED,body-gratitude_technique_mod1.mp4,22.63,2.3 мин,/Volumes/Z9/AI_FITNESS_COACH_VIDEOS/exercises/body-gratitude_technique_mod1.mp4,https://ai-fitness-media.r2.cloudflarestorage.com/videos/exercises/body-gratitude_technique_mod1.mp4,False
127,emotional-release,Emotional Release,Эмоциональный релиз,mindful_movement,Осознанное движение,/Volumes/Z9/материалы для ai fitnes/exercises/GAY BAR- HUSTLABALL- MIX/MSU-180115-HustlaballLasVegas-HotShowerShow-2.mp4,MSU-180115-HustlaballLasVegas-HotShowerShow-2.mp4,GAY BAR- HUSTLABALL- MIX,emotional-release_technique_mod1.mp4,17.33,1.7 мин,/Volumes/Z9/AI_FITNESS_COACH_VIDEOS/exercises/emotional-release_technique_mod1.mp4,https://ai-fitness-media.r2.cloudflarestorage.com/videos/exercises/emotional-release_technique_mod1.mp4,False
128,centering-practice,Centering Practice,Центрирование,mindful_movement,Осознанное движение,/Volumes/Z9/материалы для ai fitnes/exercises/GAY BAR- NON LATIN STRIPPER- BULGE & HALF NAKED/MSU-161105-ThrobTempationTuesday-SexyPoleDancer.mp4,MSU-161105-ThrobTempationTuesday-SexyPoleDancer.mp4,GAY BAR- NON LATIN STRIPPER- BULGE & HALF NAKED,centering-practice_technique_mod1.mp4,17.26,1.7 мин,/Volumes/Z9/AI_FITNESS_COACH_VIDEOS/exercises/centering-practice_technique_mod1.mp4,https://ai-fitness-media.r2.cloudflarestorage.com/videos/exercises/centering-practice_technique_mod1.mp4,False
129,present-moment,Present Moment,Настоящий момент,mindful_movement,Осознанное движение,"/Volumes/Z9/материалы для ai fitnes/exercises/GAY BAR- LATIN & WHITE STRIPPER- COCK, SEE THRU, SUPER EROTIC/LATIN-LA COLORINA/MSU-191218-LaColorinaClub-ShowerGoGoDancersFlashingHardCocks.mp4",MSU-191218-LaColorinaClub-ShowerGoGoDancersFlashingHardCocks.mp4,"GAY BAR- LATIN & WHITE STRIPPER- COCK, SEE THRU, SUPER EROTIC/LATIN-LA COLORINA",present-moment_technique_mod1.mp4,17.23,1.7 мин,/Volumes/Z9/AI_FITNESS_COACH_VIDEOS/exercises/present-moment_technique_mod1.mp4,https://ai-fitness-media.r2.cloudflarestorage.com/videos/exercises/present-moment_technique_mod1.mp4,False
130,self-compassion-movement,Self-Compassion Movement,Самосострадание,mindful_movement,Осознанное движение,"/Volumes/Z9/материалы для ai fitnes/exercises/GAY BAR- LATIN & WHITE STRIPPER- COCK, SEE THRU, SUPER EROTIC/LATIN-GENETIC MAJESTIC/MSU-160619-GeneticMajesticClubGuatemala-SexyGoGoDancer.mp4",MSU-160619-GeneticMajesticClubGuatemala-SexyGoGoDancer.mp4,"GAY BAR- LATIN & WHITE STRIPPER- COCK, SEE THRU, SUPER EROTIC/LATIN-GENETIC MAJESTIC",self-compassion-movement_technique_mod1.mp4,22.78,2.3 мин,/Volumes/Z9/AI_FITNESS_COACH_VIDEOS/exercises/self-compassion-movement_technique_mod1.mp4,https://ai-fitness-media.r2.cloudflarestorage.com/videos/exercises/self-compassion-movement_technique_mod1.mp4,False
131,stress-release-flow,Stress Release Flow,Стресс-релиз,mindful_movement,Осознанное движение,"/Volumes/Z9/материалы для ai fitnes/exercises/GAY BAR- LATIN & WHITE STRIPPER- COCK, SEE THRU, SUPER EROTIC/SUPERMARTXE/MSU-140919-SuperMartXe-Ibiza2010-HardGoGoDancer.mp4",MSU-140919-SuperMartXe-Ibiza2010-HardGoGoDancer.mp4,"GAY BAR- LATIN & WHITE STRIPPER- COCK, SEE THRU, SUPER EROTIC/SUPERMARTXE",stress-release-flow_technique_mod1.mp4,17.2,1.7 мин,/Volumes/Z9/AI_FITNESS_COACH_VIDEOS/exercises/stress-release-flow_technique_mod1.mp4,https://ai-fitness-media.r2.cloudflarestorage.com/videos/exercises/stress-release-flow_technique_mod1.mp4,False
132,morning-mindfulness,Morning Mindfulness,Утренняя внимательность,mindful_movement,Осознанное движение,"/Volumes/Z9/материалы для ai fitnes/exercises/GAY BAR- LATIN & WHITE STRIPPER- COCK, SEE THRU, SUPER EROTIC/0-LATIN CLUB STRIPPERS/MSU-180630-MuscledStripperLiveStripShow-1.mp4",MSU-180630-MuscledStripperLiveStripShow-1.mp4,"GAY BAR- LATIN & WHITE STRIPPER- COCK, SEE THRU, SUPER EROTIC/0-LATIN CLUB STRIPPERS",morning-mindfulness_technique_mod1.mp4,17.14,1.7 мин,/Volumes/Z9/AI_FITNESS_COACH_VIDEOS/exercises/morning-mindfulness_technique_mod1.mp4,https://ai-fitness-media.r2.cloudflarestorage.com/videos/exercises/morning-mindfulness_technique_mod1.mp4,False
133,active-recovery-flow,Active Recovery Flow,Активное восстановление,recovery_regeneration,Восстановление и регенерация,/Volumes/Z9/материалы для ai fitnes/exercises/GAY BAR- NON LATIN STRIPPER- BULGE & HALF NAKED/MSU-100423-StripClubStageShow-FullNudity.mp4,MSU-100423-StripClubStageShow-FullNudity.mp4,GAY BAR- NON LATIN STRIPPER- BULGE & HALF NAKED,active-recovery-flow_technique_mod1.mp4,22.86,2.3 мин,/Volumes/Z9/AI_FITNESS_COACH_VIDEOS/exercises/active-recovery-flow_technique_mod1.mp4,https://ai-fitness-media.r2.cloudflarestorage.com/videos/exercises/active-recovery-flow_technique_mod1.mp4,False
134,lymphatic-drainage,Lymphatic Drainage,Лимфодренаж,recovery_regeneration,Восстановление и регенерация,"/Volumes/Z9/материалы для ai fitnes/exercises/GAY BAR- LATIN & WHITE STRIPPER- COCK, SEE THRU, SUPER EROTIC/LATIN-CLUB AMERIKA/MSU-141017-ClubAmerika-BuenosAires-HotNakedGoGoDancers.mp4",MSU-141017-ClubAmerika-BuenosAires-HotNakedGoGoDancers.mp4,"GAY BAR- LATIN & WHITE STRIPPER- COCK, SEE THRU, SUPER EROTIC/LATIN-CLUB AMERIKA",lymphatic-drainage_technique_mod1.mp4,17.13,1.7 мин,/Volumes/Z9/AI_FITNESS_COACH_VIDEOS/exercises/lymphatic-drainage_technique_mod1.mp4,https://ai-fitness-media.r2.cloudflarestorage.com/videos/exercises/lymphatic-drainage_technique_mod1.mp4,False
135,parasympathetic-activation,Parasympathetic Activation,Парасимпатическая активация,recovery_regeneration,Восстановление и регенерация,"/Volumes/Z9/материалы для ai fitnes/exercises/GAY BAR- LATIN & WHITE STRIPPER- COCK, SEE THRU, SUPER EROTIC/0-LATIN CLUB STRIPPERS/MSU-180324-HotGoGoDancersFlashesHardCockOnBar.mp4",MSU-180324-HotGoGoDancersFlashesHardCockOnBar.mp4,"GAY BAR- LATIN & WHITE STRIPPER- COCK, SEE THRU, SUPER EROTIC/0-LATIN CLUB STRIPPERS",parasympathetic-activation_technique_mod1.mp4,22.88,2.3 мин,/Volumes/Z9/AI_FITNESS_COACH_VIDEOS/exercises/parasympathetic-activation_technique_mod1.mp4,https://ai-fitness-media.r2.cloudflarestorage.com/videos/exercises/parasympathetic-activation_technique_mod1.mp4,False
136,progressive-relaxation,Progressive Relaxation,Прогрессивное расслабление,recovery_regeneration,Восстановление и регенерация,"/Volumes/Z9/материалы для ai fitnes/exercises/GAY BAR- LATIN & WHITE STRIPPER- COCK, SEE THRU, SUPER EROTIC/LATIN-THEATRON BOGOTA/msu-230110-clubtheatronbogota-musclestripperflashinghardcock-3.mp4",msu-230110-clubtheatronbogota-musclestripperflashinghardcock-3.mp4,"GAY BAR- LATIN & WHITE STRIPPER- COCK, SEE THRU, SUPER EROTIC/LATIN-THEATRON BOGOTA",progressive-relaxation_technique_mod1.mp4,17.12,1.7 мин,/Volumes/Z9/AI_FITNESS_COACH_VIDEOS/exercises/progressive-relaxation_technique_mod1.mp4,https://ai-fitness-media.r2.cloudflarestorage.com/videos/exercises/progressive-relaxation_technique_mod1.mp4,False
137,restorative-breathing,Restorative Breathing,Восстановительное дыхание,recovery_regeneration,Восстановление и регенерация,/Volumes/Z9/материалы для ai fitnes/exercises/GAY BAR- LATIN STRIPPER- BULGE & HALF NAKED/Queen Bar-Bulge/MSU-160604-BarQueen-SexyGoGoDancers.mp4,MSU-160604-BarQueen-SexyGoGoDancers.mp4,GAY BAR- LATIN STRIPPER- BULGE & HALF NAKED/Queen Bar-Bulge,restorative-breathing_technique_mod1.mp4,22.88,2.3 мин,/Volumes/Z9/AI_FITNESS_COACH_VIDEOS/exercises/restorative-breathing_technique_mod1.mp4,https://ai-fitness-media.r2.cloudflarestorage.com/videos/exercises/restorative-breathing_technique_mod1.mp4,False
138,yoga-nidra-flow,Yoga Nidra Flow,Йога-нидра,recovery_regeneration,Восстановление и регенерация,"/Volumes/Z9/материалы для ai fitnes/exercises/REAL CAM, NON SCRIPTED, FASHION SHOW/BROADWAY BARES/MSU-161227-BroadwayBareWinterBurlesque-AccidentalCockFlashingOnStage.mp4",MSU-161227-BroadwayBareWinterBurlesque-AccidentalCockFlashingOnStage.mp4,"REAL CAM, NON SCRIPTED, FASHION SHOW/BROADWAY BARES",yoga-nidra-flow_technique_mod1.mp4,22.89,2.3 мин,/Volumes/Z9/AI_FITNESS_COACH_VIDEOS/exercises/yoga-nidra-flow_technique_mod1.mp4,https://ai-fitness-media.r2.cloudflarestorage.com/videos/exercises/yoga-nidra-flow_technique_mod1.mp4,False
139,fascial-release-flow,Fascial Release Flow,Фасциальный релиз,recovery_regeneration,Восстановление и регенерация,"/Volumes/Z9/материалы для ai fitnes/exercises/GAY BAR- LATIN & WHITE STRIPPER- COCK, SEE THRU, SUPER EROTIC/0-EROTIC NORMAL MIX/MSU-160822-LOLParty-HardGoGoDancersOnStage.mp4",MSU-160822-LOLParty-HardGoGoDancersOnStage.mp4,"GAY BAR- LATIN & WHITE STRIPPER- COCK, SEE THRU, SUPER EROTIC/0-EROTIC NORMAL MIX",fascial-release-flow_technique_mod1.mp4,22.9,2.3 мин,/Volumes/Z9/AI_FITNESS_COACH_VIDEOS/exercises/fascial-release-flow_technique_mod1.mp4,https://ai-fitness-media.r2.cloudflarestorage.com/videos/exercises/fascial-release-flow_technique_mod1.mp4,False
140,joint-decompression,Joint Decompression,Суставная декомпрессия,recovery_regeneration,Восстановление и регенерация,"/Volumes/Z9/материалы для ai fitnes/exercises/REAL CAM, NON SCRIPTED, FASHION SHOW/LOCKER ROOM/MSU-110225-HotGuyInChangeRoom-2.mp4",MSU-110225-HotGuyInChangeRoom-2.mp4,"REAL CAM, NON SCRIPTED, FASHION SHOW/LOCKER ROOM",joint-decompression_technique_mod1.mp4,17.08,1.7 мин,/Volumes/Z9/AI_FITNESS_COACH_VIDEOS/exercises/joint-decompression_technique_mod1.mp4,https://ai-fitness-media.r2.cloudflarestorage.com/videos/exercises/joint-decompression_technique_mod1.mp4,False
141,energy-circulation,Energy Circulation,Циркуляция энергии,recovery_regeneration,Восстановление и регенерация,"/Volumes/Z9/материалы для ai fitnes/exercises/GAY BAR- LATIN & WHITE STRIPPER- COCK, SEE THRU, SUPER EROTIC/0-EROTIC SUPER MIX/MSU-130412-MuscledStripperShowingHardCock.mp4",MSU-130412-MuscledStripperShowingHardCock.mp4,"GAY BAR- LATIN & WHITE STRIPPER- COCK, SEE THRU, SUPER EROTIC/0-EROTIC SUPER MIX",energy-circulation_technique_mod1.mp4,17.06,1.7 мин,/Volumes/Z9/AI_FITNESS_COACH_VIDEOS/exercises/energy-circulation_technique_mod1.mp4,https://ai-fitness-media.r2.cloudflarestorage.com/videos/exercises/energy-circulation_technique_mod1.mp4,False
142,evening-recovery,Evening Recovery,Вечернее восстановление,recovery_regeneration,Восстановление и регенерация,/Volumes/Z9/материалы для ai fitnes/exercises/SEX & JERK OFF SHOW/CLUB ZWEISTEIN/MSU-110211-ClubZweistein-LiveSexShow-JohanFucksRobin-4.mp4,MSU-110211-ClubZweistein-LiveSexShow-JohanFucksRobin-4.mp4,SEX & JERK OFF SHOW/CLUB ZWEISTEIN,evening-recovery_technique_mod1.mp4,16.97,1.7 мин,/Volumes/Z9/AI_FITNESS_COACH_VIDEOS/exercises/evening-recovery_technique_mod1.mp4,https://ai-fitness-media.r2.cloudflarestorage.com/videos/exercises/evening-recovery_technique_mod1.mp4,False
143,stress-recovery,Stress Recovery,Восстановление после стресса,recovery_regeneration,Восстановление и регенерация,"/Volumes/Z9/материалы для ai fitnes/exercises/GAY BAR- LATIN & WHITE STRIPPER- COCK, SEE THRU, SUPER EROTIC/LATIN-KM ZERO CLUB/MSU-180821-KMZero-HotStripperShowsHardCock-1.mp4",MSU-180821-KMZero-HotStripperShowsHardCock-1.mp4,"GAY BAR- LATIN & WHITE STRIPPER- COCK, SEE THRU, SUPER EROTIC/LATIN-KM ZERO CLUB",stress-recovery_technique_mod1.mp4,23.05,2.3 мин,/Volumes/Z9/AI_FITNESS_COACH_VIDEOS/exercises/stress-recovery_technique_mod1.mp4,https://ai-fitness-media.r2.cloudflarestorage.com/videos/exercises/stress-recovery_technique_mod1.mp4,False
144,deep-regeneration,Deep Regeneration,Глубокая регенерация,recovery_regeneration,Восстановление и регенерация,"/Volumes/Z9/материалы для ai fitnes/exercises/GAY BAR- LATIN & WHITE STRIPPER- COCK, SEE THRU, SUPER EROTIC/0-LATIN CLUB STRIPPERS/MSU-140302-WildMuscledStripperWithHornyHardCock.mp4",MSU-140302-WildMuscledStripperWithHornyHardCock.mp4,"GAY BAR- LATIN & WHITE STRIPPER- COCK, SEE THRU, SUPER EROTIC/0-LATIN CLUB STRIPPERS",deep-regeneration_technique_mod1.mp4,23.06,2.3 мин,/Volumes/Z9/AI_FITNESS_COACH_VIDEOS/exercises/deep-regeneration_technique_mod1.mp4,https://ai-fitness-media.r2.cloudflarestorage.com/videos/exercises/deep-regeneration_technique_mod1.mp4,False
